text,label,label_id
"He will, you guys close?",ham,0
"CAN I PLEASE COME UP NOW IMIN TOWN.DONTMATTER IF URGOIN OUTL8R,JUST REALLYNEED 2DOCD.PLEASE DONTPLEASE DONTIGNORE MYCALLS,U NO THECD ISV.IMPORTANT TOME 4 2MORO",ham,0
Ok k..sry i knw 2 siva..tats y i askd..,ham,0
"I'll see, but prolly yeah",ham,0
"I'll see if I can swing by in a bit, got some things to take care of here firsg",ham,0
"I shall book chez jules for half eight, if that's ok with you?",ham,0
Thanks for your message. I really appreciate your sacrifice. I'm not sure of the process of direct pay but will find out on my way back from the test tomorrow. I'm in class now. Do have a wonderful day.,ham,0
"Feb  &lt;#&gt;  is ""I LOVE U"" day. Send dis to all ur ""VALUED FRNDS"" evn me. If 3 comes back u'll gt married d person u luv! If u ignore dis u will lose ur luv 4 Evr",ham,0
Ok Chinese food on its way. When I get fat you're paying for my lipo.,ham,0
"FREE NOKIA Or Motorola with upto 12mths 1/2price linerental, 500 FREE x-net mins&100txt/mth FREE B'tooth*. Call Mobileupd8 on 08001950382 or call 2optout/D3WV",spam,1
Jus came back fr lunch wif my sis only. U leh?,ham,0
Yup i'm elaborating on the safety aspects and some other issues..,ham,0
Ok lor. Anyway i thk we cant get tickets now cos like quite late already. U wan 2 go look 4 ur frens a not? Darren is wif them now...,ham,0
"Helloooo... Wake up..! ""Sweet"" ""morning"" ""welcomes"" ""You"" ""Enjoy"" ""This Day"" ""with full of joy"".. ""GUD MRNG"".",ham,0
Pls call me da. What happen.,ham,0
"Call 09094100151 to use ur mins! Calls cast 10p/min (mob vary). Service provided by AOM, just GBP5/month. AOM Box61,M60 1ER until u stop. Ages 18+ only!",spam,1
Are u awake? Is there snow there?,ham,0
"Hmph. Go head, big baller.",ham,0
"Will do, you gonna be at blake's all night? I might be able to get out of here a little early",ham,0
Thanx a lot...,ham,0
Oh ic. I thought you meant mary jane.,ham,0
Now got tv 2 watch meh? U no work today?,ham,0
Want a new Video Phone? 750 anytime any network mins? Half price line rental free text for 3 months? Reply or call 08000930705 for free delivery,spam,1
I notice you like looking in the shit mirror youre turning into a right freak,ham,0
No management puzzeles.,ham,0
1. Tension face 2. Smiling face 3. Waste face 4. Innocent face 5.Terror face 6.Cruel face 7.Romantic face 8.Lovable face 9.decent face  &lt;#&gt; .joker face.,ham,0
Its sunny in california. The weather's just cool,ham,0
"fyi I'm at usf now, swing by the room whenever",ham,0
I asked sen to come chennai and search for job.,ham,0
Love it! I want to flood that pretty pussy with cum...,ham,0
Will ü b going to esplanade fr home?,ham,0
You have an important customer service announcement. Call FREEPHONE 0800 542 0825 now!,spam,1
How are you. Wish you a great semester,ham,0
Hi happy birthday. Hi hi hi hi hi hi hi,ham,0
Can i get your opinion on something first?,ham,0
Done it but internet connection v slow and can‘t send it. Will try again later or first thing tomo.,ham,0
I anything lor...,ham,0
I am going to film 2day da. At 6pm. Sorry da.,ham,0
Do I? I thought I put it back in the box,ham,0
You have an important customer service announcement. Call FREEPHONE 0800 542 0825 now!,spam,1
Dai what this da.. Can i send my resume to this id.,ham,0
Yes when is the appt again?,ham,0
And by when you're done I mean now,ham,0
She told to hr that he want posting in chennai:)because i'm working here:),ham,0
"Do you know why god created gap between your fingers..? So that, One who is made for you comes &amp; fills those gaps by holding your hand with LOVE..!",ham,0
I thought slide is enough.,ham,0
God bless.get good sleep my dear...i will pray!,ham,0
I called but no one pick up e phone. I ask both of them already they said ok.,ham,0
Free any day but i finish at 6 on mon n thurs...,ham,0
Ur cash-balance is currently 500 pounds - to maximize ur cash-in now send GO to 86688 only 150p/msg. CC 08718720201 HG/Suite342/2Lands Row/W1J6HL,spam,1
Babe: U want me dont u baby! Im nasty and have a thing 4 filthyguys. Fancy a rude time with a sexy bitch. How about we go slo n hard! Txt XXX SLO(4msgs),spam,1
Do u noe wat time e place dat sells 4d closes?,ham,0
One of the joys in lifeis waking up each daywith thoughts that somewhereSomeone cares enough tosend a warm morning greeting.. -,ham,0
But i juz remembered i gotta bathe my dog today..,ham,0
I went to project centre,ham,0
I will take care of financial problem.i will help:),ham,0
In e msg jus now. U said thanks for gift.,ham,0
Yoyyooo u know how to change permissions for a drive in mac. My usb flash drive,ham,0
Am watching house – very entertaining – am getting the whole hugh laurie thing – even with the stick – indeed especially with the stick.,ham,0
Want explicit SEX in 30 secs? Ring 02073162414 now! Costs 20p/min Gsex POBOX 2667 WC1N 3XX,spam,1
"Sure, I'll see if I can come by in a bit",ham,0
I borrow ur bag ok.,ham,0
"FREE RINGTONE text FIRST to 87131 for a poly or text GET to 87131 for a true tone! Help? 0845 2814032 16 after 1st free, tones are 3x£150pw to e£nd txt stop",spam,1
I dont know oh. Hopefully this month.,ham,0
Den wat will e schedule b lk on sun?,ham,0
"Uh, heads up we don't have THAT much left",ham,0
Hard LIVE 121 chat just 60p/min. Choose your girl and connect LIVE. Call 09094646899 now! Cheap Chat UK's biggest live service. VU BCM1896WC1N3XX,spam,1
"Sir, i am waiting for your call, once free please call me.",ham,0
"My planning usually stops at ""find hella weed, smoke hella weed""",ham,0
Nt joking seriously i told,ham,0
Ranjith cal drpd Deeraj and deepak 5min hold,ham,0
Ü give me some time to walk there.,ham,0
"Sorry, was in the bathroom, sup",ham,0
Aiyar hard 2 type. U later free then tell me then i call n scold n tell u.,ham,0
Ü takin linear algebra today?,ham,0
Not able to do anything.,ham,0
PRIVATE! Your 2003 Account Statement for shows 800 un-redeemed S.I.M. points. Call 08718738001 Identifier Code: 49557 Expires 26/11/04,spam,1
Nokia phone is lovly..,ham,0
Oh ho. Is this the first time u use these type of words,ham,0
Then why no one talking to me,ham,0
Why you keeping me away like this,ham,0
So that means you still think of teju,ham,0
CHEERS U TEX MECAUSE U WEREBORED! YEAH OKDEN HUNNY R UIN WK SAT?SOUNDS LIKEYOUR HAVIN GR8FUN J! KEEP UPDAT COUNTINLOTS OF LOVEME XXXXX.,ham,0
Ü thk of wat to eat tonight.,ham,0
Purity of friendship between two is not about smiling after reading the forwarded message..Its about smiling just by seeing the name. Gud evng,ham,0
No shoot me. I'm in the docs waiting room. :/,ham,0
Thanks 4 your continued support Your question this week will enter u in2 our draw 4 £100 cash. Name the NEW US President? txt ans to 80082,spam,1
How r ü going to send it to me?,ham,0
+449071512431 URGENT! This is the 2nd attempt to contact U!U have WON £1250 CALL 09071512433 b4 050703 T&CsBCM4235WC1N3XX. callcost 150ppm mobilesvary. max£7. 50,spam,1
"Babe! I fucking love you too !! You know? Fuck it was so good to hear your voice. I so need that. I crave it. I can't get enough. I adore you, Ahmad *kisses*",ham,0
"Erm … ill pick you up at about 6.45pm. That'll give enough time to get there, park and that.",ham,0
If u dun drive then how i go 2 sch.,ham,0
"Beautiful Truth against Gravity.. Read carefully: ""Our heart feels light when someone is in it.. But it feels very heavy when someone leaves it.."" GOODMORNING",ham,0
"You have won ?1,000 cash or a ?2,000 prize! To claim, call09050000327. T&C: RSTM, SW7 3SS. 150ppm",spam,1
Think + da. You wil do.,ham,0
U horrible gal... U knew dat i was going out wif him yest n u still come n ask me...,ham,0
"As a SIM subscriber, you are selected to receive a Bonus! Get it delivered to your door, Txt the word OK to No: 88600 to claim. 150p/msg, EXP. 30Apr",spam,1
"What will we do in the shower, baby?",ham,0
Yup... Hey then one day on fri we can ask miwa and jiayin take leave go karaoke ,ham,0
my ex-wife was not able to have kids. Do you want kids one day?,ham,0
wamma get laid?want real doggin locations sent direct to your mobile? join the UKs largest dogging network. txt dogs to 69696 now!nyt. ec2a. 3lp £1.50/msg.,spam,1
"Nothing. I meant that once the money enters your account here, the bank will remove its flat rate. Someone transfered  &lt;#&gt;  to my account and  &lt;#&gt; dollars got removed. So the banks differ and charges also differ.be sure you trust the 9ja person you are sending account details to cos...",ham,0
Message:some text missing* Sender:Name Missing* *Number Missing *Sent:Date missing *Missing U a lot thats y everything is missing sent via fullonsms.com,ham,0
Prof: you have passed in all the papers in this sem congrats . . . . Student: Enna kalaachutaarama..!! Prof:???? Gud mrng!,ham,0
"After my work ah... Den 6 plus lor... U workin oso rite... Den go orchard lor, no other place to go liao...",ham,0
yay! finally lol. i missed our cinema trip last week :-(,ham,0
Ü no home work to do meh... ,ham,0
No no:)this is kallis home ground.amla home town is durban:),ham,0
Havent.,ham,0
I probably won't eat at all today. I think I'm gonna pop. How was your weekend? Did u miss me?,ham,0
Dont worry. I guess he's busy.,ham,0
"Do 1 thing! Change that sentence into: ""Because i want 2 concentrate in my educational career im leaving here..""",ham,0
Congrats kano..whr s the treat maga?,ham,0
"Sorry to trouble u again. Can buy 4d for my dad again? 1405, 1680, 1843. All 2 big 1 small, sat n sun. Thanx.",ham,0
"Thanks for your ringtone order, reference number X29. Your mobile will be charged 4.50. Should your tone not arrive please call customer services 09065989180",spam,1
Hi 07734396839 IBH Customer Loyalty Offer: The NEW NOKIA6600 Mobile from ONLY £10 at TXTAUCTION!Txt word:START to No:81151 & get Yours Now!4T&,spam,1
"K, wat s tht incident?",ham,0
You flippin your shit yet?,ham,0
How's ur paper?,ham,0
Yes princess! I want to please you every night. Your wish is my command...,ham,0
When're you guys getting back? G said you were thinking about not staying for mcr,ham,0
"Had your contract mobile 11 Mnths? Latest Motorola, Nokia etc. all FREE! Double Mins & Text on Orange tariffs. TEXT YES for callback, no to remove from records.",spam,1
Excellent! Wish we were together right now!,ham,0
"As a valued customer, I am pleased to advise you that following recent review of your Mob No. you are awarded with a £1500 Bonus Prize, call 09066364589",spam,1
Hey!!! I almost forgot ... Happy B-day babe ! I love ya!!,ham,0
I'm home. Ard wat time will u reach?,ham,0
"Sometimes we put walls around our hearts,not just to be safe from getting hurt.. But to find out who cares enough to break the walls &amp; get closer.. GOODNOON:)",ham,0
U don't remember that old commercial?,ham,0
Cos i was out shopping wif darren jus now n i called him 2 ask wat present he wan lor. Then he started guessing who i was wif n he finally guessed darren lor.,ham,0
Anything lor... U decide...,ham,0
"Sorry vikky, i'm Watching olave mandara movie kano in trishul theatre wit my frnds..",ham,0
Ok i will tell her to stay out. Yeah its been tough but we are optimistic things will improve this month.,ham,0
Dude how do you like the buff wind.,ham,0
Happy New Year Princess!,ham,0
alright. Thanks for the advice. Enjoy your night out. I'ma try to get some sleep...,ham,0
"Ok. Can be later showing around 8-8:30 if you want + cld have drink before. Wld prefer not to spend money on nosh if you don't mind, as doing that nxt wk.",ham,0
Me sef dey laugh you. Meanwhile how's my darling anjie!,ham,0
"Fuck babe, I miss you sooooo much !! I wish you were here to sleep with me ... My bed is so lonely ... I go now, to sleep ... To dream of you, my love ...",ham,0
"Nothing, smsing u n xy lor. Sorry lor da guys neva c u in person but they sort of know u lor. So u wan 2 meet them xy ask me 2 bring u along 4 our next meeting.",ham,0
How is your schedule next week? I am out of town this weekend.,ham,0
"Ah, well that confuses things, doesn‘t it?",ham,0
HI ITS KATE CAN U GIVE ME A RING ASAP XXX,ham,0
I don't run away frm u... I walk slowly &amp; it kills me that u don't care enough to stop me...,ham,0
Convey my regards to him,ham,0
"Yeah we wouldn't leave for an hour at least, how's 4 sound?",ham,0
Ujhhhhhhh computer shipped out with address to sandiago and parantella lane. Wtf. Poop.,ham,0
"Yes, princess. Toledo.",ham,0
"Say this slowly.? GOD,I LOVE YOU &amp; I NEED YOU,CLEAN MY HEART WITH YOUR BLOOD.Send this to Ten special people &amp; u c miracle tomorrow, do it,pls,pls do it...",ham,0
I'm done oredi...,ham,0
Watching telugu movie..wat abt u?,ham,0
Hello handsome ! Are you finding that job ? Not being lazy ? Working towards getting back that net for mummy ? Where's my boytoy now ? Does he miss me ?,ham,0
"Hey elaine, is today's meeting still on?",ham,0
"Good evening Sir, hope you are having a nice day. I wanted to bring it to your notice that I have been late in paying rent for the past few months and have had to pay a $ &lt;#&gt;  charge. I felt it would be inconsiderate of me to nag about something you give at great cost to yourself and that's why i didnt speak up. I however am in a recession and wont be able to pay the charge this month hence my askin well ahead of month's end. Can you please help. Thank you for everything.",ham,0
Shall i start from hear.,ham,0
Did u download the fring app?,ham,0
Yar lor... Keep raining non stop... Or u wan 2 go elsewhere?,ham,0
"Total disappointment, when I texted you was the craziest shit got :(",ham,0
UR awarded a City Break and could WIN a £200 Summer Shopping spree every WK. Txt STORE to 88039.SkilGme.TsCs087147403231Winawk!Age16+£1.50perWKsub,spam,1
"Sorry, my battery died, I can come by but I'm only getting a gram for now, where's your place?",ham,0
"Congrats! 2 mobile 3G Videophones R yours. call 09061744553 now! videochat wid ur mates, play java games, Dload polyH music, noline rentl. bx420. ip4. 5we. 150pm",spam,1
WHORE YOU ARE UNBELIEVABLE.,ham,0
Ü say until like dat i dun buy ericsson oso cannot oredi lar...,ham,0
Ringtone Club: Gr8 new polys direct to your mobile every week !,spam,1
Headin towards busetop,ham,0
"We have sent JD for Customer Service cum Accounts Executive to ur mail id, For details contact us",ham,0
Aight ill get on fb in a couple minutes,ham,0
U have a secret admirer. REVEAL who thinks U R So special. Call 09065174042. To opt out Reply REVEAL STOP. 1.50 per msg recd. Cust care 07821230901,spam,1
I emailed yifeng my part oredi.. Can ü get it fr him..,ham,0
IM LATE TELLMISS IM ON MY WAY,ham,0
TELL HER I SAID EAT SHIT.,ham,0
what I meant to say is cant wait to see u again getting bored of this bridgwater banter,ham,0
LOL ... No just was busy,ham,0
Dude got a haircut. Now its breezy up there,ham,0
"Sorry,in meeting I'll call later",ham,0
You are a winner you have been specially selected to receive £1000 cash or a £2000 award. Speak to a live operator to claim call 087147123779am-7pm. Cost 10p,spam,1
MY NEW YEARS EVE WAS OK. I WENT TO A PARTY WITH MY BOYFRIEND. WHO IS THIS SI THEN HEY,ham,0
"Just looked it up and addie goes back Monday, sucks to be her",ham,0
Boooo you always work. Just quit.,ham,0
No rushing. I'm not working. I'm in school so if we rush we go hungry.,ham,0
Looks like u wil b getting a headstart im leaving here bout 2.30ish but if u r desperate for my company I could head in earlier-we were goin to meet in rummer.,ham,0
Is ur lecture over?,ham,0
I‘m going to try for 2 months ha ha only joking,ham,0
How much are we getting?,ham,0
"&lt;#&gt;  is fast approaching. So, Wish u a very Happy New Year Happy Sankranti Happy republic day Happy Valentines Day Happy Shivratri Happy Ugadi Happy Fools day Happy May Day Happy Independence Day, Happy Friendship,Mother,Father,Teachers,Childrens Day, &amp; HAPPY BIRTHDAY 4 U. Happy Ganesh festival Happy Dasara Happy Diwali Happy Christmas  &lt;#&gt;  Good Mornings Afternoons, Evenings Nights. RememberI AM the first to WISHING U ALL THESE...your's Raj",ham,0
We can make a baby in yo tho,ham,0
"Damn, can you make it tonight or do you want to just wait til tomorrow",ham,0
Hey you told your name to gautham ah?,ham,0
So i asked how's anthony. Dad. And your bf,ham,0
Yeah he got in at 2 and was v apologetic. n had fallen out and she was actin like spoilt child and he got caught up in that. Till 2! But we won't go there! Not doing too badly cheers. You? ,ham,0
"I didnt get ur full msg..sometext is missing, send it again",ham,0
"I dun thk i'll quit yet... Hmmm, can go jazz ? Yogasana oso can... We can go meet em after our lessons den... ",ham,0
I know I'm lacking on most of this particular dramastorm's details but for the most part I'm not worried about that,ham,0
"She said,'' do u mind if I go into the bedroom for a minute ? '' ''OK'', I sed in a sexy mood. She came out 5 minuts latr wid a cake...n My Wife,",ham,0
Otherwise had part time job na-tuition..,ham,0
Hi I'm sue. I am 20 years old and work as a lapdancer. I love sex. Text me live - I'm i my bedroom now. text SUE to 89555. By TextOperator G2 1DA 150ppmsg 18+,spam,1
Cause I'm not freaky lol,ham,0
sports fans - get the latest sports news str* 2 ur mobile 1 wk FREE PLUS a FREE TONE Txt SPORT ON to 8007 www.getzed.co.uk 0870141701216+ norm 4txt/120p ,spam,1
I have to take exam with march 3,ham,0
I cant pick the phone right now. Pls send a message,ham,0
&lt;#&gt;  great loxahatchee xmas tree burning update: you can totally see stars here,ham,0
Did you show him and wot did he say or could u not c him 4 dust?,ham,0
"That's very rude, you on campus?",ham,0
Its too late:)but its k.wish you the same.,ham,0
"Hi, the SEXYCHAT girls are waiting for you to text them. Text now for a great night chatting. send STOP to stop this service",spam,1
Pls go ahead with watts. I just wanted to be sure. Do have a great weekend. Abiola,ham,0
So u workin overtime nigpun?,ham,0
"naughty little thought: 'its better to flirt, flirt n flirt, rather than loving someone n gettin hurt, hurt n hurt...:-) Gud nyt",ham,0
Dad went out oredi... ,ham,0
Message:some text missing* Sender:Name Missing* *Number Missing *Sent:Date missing *Missing U a lot thats y everything is missing sent via fullonsms.com,ham,0
Package all your programs well,ham,0
"A swt thought: ""Nver get tired of doing little things 4 lovable persons.."" Coz..somtimes those little things occupy d biggest part in their Hearts.. Gud ni8",ham,0
Oh k:)after that placement there ah?,ham,0
Play w computer? Aiyah i tok 2 u lor?,ham,0
Tell me pa. How is pain de.,ham,0
"URGENT! Your mobile number *************** WON a £2000 Bonus Caller prize on 10/06/03! This is the 2nd attempt to reach you! Call 09066368753 ASAP! Box 97N7QP, 150ppm",spam,1
I just made some payments so dont have that much. Sorry. Would you want it fedex or the other way.,ham,0
"REMINDER FROM O2: To get 2.50 pounds free call credit and details of great offers pls reply 2 this text with your valid name, house no and postcode",spam,1
I've reached sch already...,ham,0
"Yeah, don't go to bed, I'll be back before midnight",ham,0
We are supposed to meet to discuss abt our trip... Thought xuhui told you? In the afternoon. Thought we can go for lesson after that,ham,0
Good morning. At the repair shop--the ONLY reason i'm up at this hour.,ham,0
Good Morning my Dear Shijutta........... Have a great &amp; successful day.,ham,0
Were gonna go get some tacos,ham,0
Purity of friendship between two is not about smiling after reading the forwarded message..Its about smiling just by seeing the name. Gud evng,ham,0
Would you like to see my XXX pics they are so hot they were nearly banned in the uk!,spam,1
We r outside already.,ham,0
Ha ha cool cool chikku chikku:-):-DB-),ham,0
"Whatever, juliana. Do whatever you want.",ham,0
No:-)i got rumour that you going to buy apartment in chennai:-),ham,0
"Our dating service has been asked 2 contact U by someone shy! CALL 09058091870 NOW all will be revealed. POBox84, M26 3UZ 150p",spam,1
Some of them told accenture is not confirm. Is it true.,ham,0
Haha... dont be angry with yourself... Take it as a practice for the real thing. =) ,ham,0
"Life is more strict than teacher... Bcoz Teacher teaches lesson &amp; then conducts exam, But Life first conducts Exam &amp; then teaches Lessons. Happy morning. . .",ham,0
Amazing : If you rearrange these letters it gives the same meaning... Dormitory = Dirty room Astronomer = Moon starer The eyes = They see Election results = Lies lets recount Mother-in-law = Woman Hitler Eleven plus two =Twelve plus one Its Amazing... !:-),ham,0
Oh thanks a lot..i already bought 2 eggs ..,ham,0
He said i look pretty wif long hair wat. But i thk he's cutting quite short 4 me leh.,ham,0
"Probably, want to pick up more?",ham,0
I wont. So wat's wit the guys,ham,0
I wan but too early lei... Me outside now wun b home so early... Neva mind then...,ham,0
"I've got ten bucks, jay is being noncomittal",ham,0
Hi there. We have now moved in2 our pub . Would be great 2 c u if u cud come up.,ham,0
"Thank You for calling.Forgot to say Happy Onam to you Sirji.I am fine here and remembered you when i met an insurance person.Meet You in Qatar Insha Allah.Rakhesh, ex Tata AIG who joined TISSCO,Tayseer.",ham,0
"wiskey Brandy Rum Gin Beer Vodka Scotch Shampain Wine ""KUDI""yarasu dhina vaazhthukkal. ..",ham,0
I am late. I will be there at,ham,0
"As I entered my cabin my PA said, '' Happy B'day Boss !!''. I felt special. She askd me 4 lunch. After lunch she invited me to her apartment. We went there.",ham,0
Hello my little party animal! I just thought I'd buzz you as you were with your friends ...*grins*... Reminding you were loved and send a naughty adoring kiss,ham,0
No. Yes please. Been swimming?,ham,0
* Am on a train back from northampton so i'm afraid not!,ham,0
Happy new year to u too!,ham,0
Hi dis is yijue i would be happy to work wif ü all for gek1510...,ham,0
Ball is moving a lot.will spin in last :)so very difficult to bat:),ham,0
I'm in a movie... Collect car oredi...,ham,0
You busy or can I come by at some point and figure out what we're doing tomorrow,ham,0
Orh i tot u say she now still dun believe.,ham,0
"She said,'' do u mind if I go into the bedroom for a minute ? '' ''OK'', I sed in a sexy mood. She came out 5 minuts latr wid a cake...n My Wife,",ham,0
You best watch what you say cause I get drunk as a motherfucker,ham,0
"When you get free, call me",ham,0
Reckon need to be in town by eightish to walk from * carpark.,ham,0
Detroit. The home of snow. Enjoy it.,ham,0
You are right. Meanwhile how's project twins comin up,ham,0
Aft i finish my lunch then i go str down lor. Ard 3 smth lor. U finish ur lunch already?,ham,0
WINNER!! As a valued network customer you have been selected to receivea £900 prize reward! To claim call 09061701461. Claim code KL341. Valid 12 hours only.,spam,1
I'm on the bus. Love you,ham,0
No need for the drug anymore.,ham,0
"How about clothes, jewelry, and trips?",ham,0
"Yes but i dont care! I need you bad, princess!",ham,0
Also hi wesley how've you been,ham,0
Not tonight mate. Catching up on some sleep. This is my new number by the way. ,ham,0
on a Tuesday night r u 4 real,ham,0
Is toshiba portege m100 gd?,ham,0
"Awesome, think we can get an 8th at usf some time tonight?",ham,0
"&lt;#&gt; %of pple marry with their lovers... becz they hav gud undrstndng dat avoids problems. i sent dis 2 u, u wil get gud news on friday by d person you like. And tomorrow will be the best day of your life. Dont break this chain. If you break you will suffer. send this to  &lt;#&gt;  frnds in &lt;#&gt;  mins whn u read...",ham,0
R ü going 4 today's meeting?,ham,0
Umma my life and vava umma love you lot dear,ham,0
Tell your friends what you plan to do on Valentines day @ &lt;URL&gt;,ham,0
Now project pa. After that only i can come.,ham,0
Call me when u're done...,ham,0
U studying in sch or going home? Anyway i'll b going 2 sch later.,ham,0
Ha ha ha good joke. Girls are situation seekers.,ham,0
Alright took the morphine. Back in yo.,ham,0
No way I'm going back there!,ham,0
"I think your mentor is , but not 100 percent sure.",ham,0
Me too watching surya movie only. . .after 6 pm vijay movie POKKIRI,ham,0
No drama Pls.i have had enough from you and family while i am struggling in the hot sun in a strange place.No reason why there should be an ego of not going 'IF NOT INVITED' when actually its necessity to go.wait for very serious reppurcussions.,ham,0
Really... I tot ur paper ended long ago... But wat u copied jus now got use? U happy lar... I still haf 2 study :-(,ham,0
Customer place i will call you.,ham,0
"K, if u bored up just come to my home..",ham,0
G wants to know where the fuck you are,ham,0
Thanx 4 2day! U r a goodmate I THINK UR RITE SARY! ASUSUAL!1 U CHEERED ME UP! LOVE U FRANYxxxxx,ham,0
Do have a nice day today. I love you so dearly.,ham,0
"Can you tell Shola to please go to college of medicine and visit the academic department, tell the academic secretary what the current situation is and ask if she can transfer there. She should ask someone to check Sagamu for the same thing and lautech. Its vital she completes her medical education in Nigeria. Its less expensive much less expensive. Unless she will be getting citizen rates in new zealand.",ham,0
No did you check? I got his detailed message now,ham,0
I might come to kerala for 2 days.so you can be prepared to take a leave once i finalise .dont plan any travel during my visit.need to finish urgent works.,ham,0
I am on the way to ur home,ham,0
Wat time do u wan 2 meet me later?,ham,0
"Yeah, I'll leave in a couple minutes &amp; let you know when I get to mu",ham,0
Gud mrng dear hav a nice day,ham,0
Jus ans me lar. U'll noe later.,ham,0
I am in tirupur.  call you da.,ham,0
"Hello. No news on job, they are making me wait a fifth week! Yeah im up for some woozles and weasels... In exeter still, but be home about 3. ",ham,0
"Mila, age23, blonde, new in UK. I look sex with UK guys. if u like fun with me. Text MTALK to 69866.18 . 30pp/txt 1st 5free. £1.50 increments. Help08718728876",spam,1
"Hi , where are you? We're at  and they're not keen to go out i kind of am but feel i shouldn't so can we go out tomo, don't mind do you?",ham,0
Kit Strip - you have been billed 150p. Netcollex Ltd. PO Box 1013 IG11 OJA,spam,1
Hi dear we saw dear. We both are happy. Where you my battery is low,ham,0
I absolutely LOVE South Park! I only recently started watching the office.,ham,0
"Ok omw now, you at castor?",ham,0
I am in office:)whats the matter..msg me now.i will call you at break:).,ham,0
Ok,ham,0
There's no point hangin on to mr not right if he's not makin u happy,ham,0
The greatest test of courage on earth is to bear defeat without losing heart....gn tc,ham,0
Lol your always so convincing.,ham,0
I just cooked a rather nice salmon a la you,ham,0
No that just means you have a fat head,ham,0
Hey... Why dont we just go watch x men and have lunch... Haha ,ham,0
I am thinking of going down to reg for pract lessons.. Flung my advance.. Haha wat time u going?,ham,0
"HOT LIVE FANTASIES call now 08707500020 Just 20p per min NTT Ltd, PO Box 1327 Croydon CR9 5WB 0870 is a national rate call",spam,1
Do you still have the grinder?,ham,0
"URGENT! Your Mobile No. was awarded £2000 Bonus Caller Prize on 5/9/03 This is our final try to contact U! Call from Landline 09064019788 BOX42WR29C, 150PPM",spam,1
Wat's da model num of ur phone?,ham,0
"Customer service announcement. We recently tried to make a delivery to you but were unable to do so, please call 07099833605 to re-schedule. Ref:9280114",spam,1
Oh yes I can speak txt 2 u no! Hmm. Did u get  email?,ham,0
V skint too but fancied few bevies.waz gona go meet &othrs in spoon but jst bin watchng planet earth&sofa is v comfey; If i dont make it hav gd night,ham,0
Rats. Hey did u ever vote for the next themes?,ham,0
I wanted to ask ü to wait 4 me to finish lect. Cos my lect finishes in an hour anyway.,ham,0
Does she usually take fifteen fucking minutes to respond to a yes or no question,ham,0
PRIVATE! Your 2003 Account Statement for 07808 XXXXXX shows 800 un-redeemed S. I. M. points. Call 08719899217 Identifier Code: 41685 Expires 07/11/04,spam,1
Pls speak with me. I wont ask anything other then you friendship.,ham,0
Free Top ringtone -sub to weekly ringtone-get 1st week free-send SUBPOLY to 81618-?3 per week-stop sms-08718727870,spam,1
You've already got a flaky parent. It'snot supposed to be the child's job to support the parent...not until they're The Ride age anyway. I'm supposed to be there to support you. And now i've hurt you. unintentional. But hurt nonetheless.,ham,0
Can. Dunno wat to get 4 her...,ham,0
Home so we can always chat,ham,0
"This is the 2nd time we have tried to contact u. U have won the £400 prize. 2 claim is easy, just call 087104711148 NOW! Only 10p per minute. BT-national-rate",spam,1
"Haven't found a way to get another app for your phone, eh ? Will you go to the net cafe ? Did you take that job? Geeee I need you babe. I crave to see you ...",ham,0
That seems unnecessarily hostile,ham,0
I need to come home and give you some good lovin...,ham,0
"I'm eatin now lor, but goin back to work soon... E mountain deer show huh... I watch b4 liao, very nice...",ham,0
K sure am in my relatives home. Sms me de. Pls:-),ham,0
Sweet heart how are you?,ham,0
"Hello my boytoy ... Geeee I miss you already and I just woke up. I wish you were here in bed with me, cuddling me. I love you ...",ham,0
"Maybe westshore or hyde park village, the place near my house?",ham,0
All these nice new shirts and the only thing I can wear them to is nudist themed ;_; you in mu?,ham,0
Have you started in skye,ham,0
You could have seen me..i did't recognise you Face.:),ham,0
8007 25p 4 Alfie Moon's Children in Need song on ur mob. Tell ur m8s. Txt TONE CHARITY to 8007 for nokias or POLY CHARITY for polys :zed 08701417012 profit 2 charity ,spam,1
Hello. We need some posh birds and chaps to user trial prods for champneys. Can i put you down? I need your address and dob asap. Ta r,spam,1
Urgent! Please call 09061213237 from a landline. £5000 cash or a 4* holiday await collection. T &Cs SAE PO Box 177 M227XY. 16+,spam,1
I'm now but have to wait till 2 for the bus to pick me.,ham,0
Ummma.will call after check in.our life will begin from qatar so pls pray very hard.,ham,0
Ok. I only ask abt e movie. U wan ktv oso?,ham,0
Aiyah u did ok already lar. E nydc at wheellock?,ham,0
Yun buying... But school got offer 2000 plus only...,ham,0
Ur HMV Quiz cash-balance is currently £500 - to maximize ur cash-in now send HMV1 to 86688 only 150p/msg,spam,1
U have won a nokia 6230 plus a free digital camera. This is what u get when u win our FREE auction. To take part send NOKIA to 83383 now. POBOX114/14TCR/W1 16,spam,1
"Dear friends, sorry for the late information. Today is the birthday of our loving Ar.Praveesh. for more details log on to face book and see. Its his number + &lt;#&gt; . Dont miss a delicious treat.",ham,0
I'm aight. Wat's happening on your side.,ham,0
"Save yourself the stress. If the person has a dorm account, just send your account details and the money will be sent to you.",ham,0
"I know dat feelin had it with Pete! Wuld get with em , nuther place nuther time mayb?",ham,0
We confirm eating at esplanade?,ham,0
Anything lor but toa payoh got place 2 walk meh...,ham,0
"My life Means a lot to me, Not because I love my life, But because I love the people in my life, The world calls them friends, I call them my World:-).. Ge:-)..",ham,0
"HOT LIVE FANTASIES call now 08707509020 Just 20p per min NTT Ltd, PO Box 1327 Croydon CR9 5WB 0870 is a national rate call",spam,1
A link to your picture has been sent. You can also use http://alto18.co.uk/wave/wave.asp?o=44345,spam,1
Hey now am free you can call me.,ham,0
Should I head straight there or what,ham,0
Hi da:)how is the todays class?,ham,0
"Thanks for your ringtone order, ref number R836. Your mobile will be charged £4.50. Should your tone not arrive please call customer services on 09065069154",spam,1
Yeah so basically any time next week you can get away from your mom &amp; get up before 3,ham,0
07732584351 - Rodger Burns - MSG = We tried to call you re your reply to our sms for a free nokia mobile + free camcorder. Please call now 08000930705 for delivery tomorrow,spam,1
"I can't right this second, gotta hit people up first",ham,0
Shall call now dear having food,ham,0
"Final Chance! Claim ur £150 worth of discount vouchers today! Text YES to 85023 now! SavaMob, member offers mobile! T Cs SavaMob POBOX84, M263UZ. £3.00 Subs 16",spam,1
FREE MSG:We billed your mobile number by mistake from shortcode 83332.Please call 08081263000 to have charges refunded.This call will be free from a BT landline,spam,1
Sorry about that this is my mates phone and i didnt write it love Kate,ham,0
It has issues right now. Ill fix for her by tomorrow.,ham,0
Cos darren say ü considering mah so i ask ü...,ham,0
Ok that's great thanx a lot.,ham,0
Do you want a New Nokia 3510i colour phone DeliveredTomorrow? With 300 free minutes to any mobile + 100 free texts + Free Camcorder reply or call 08000930705,spam,1
"Haha, that was the first person I was gonna ask",ham,0
2marrow only. Wed at  &lt;#&gt;  to 2 aha.,ham,0
HEY GIRL. HOW R U? HOPE U R WELL ME AN DEL R BAK! AGAIN LONG TIME NO C! GIVE ME A CALL SUM TIME FROM LUCYxx,ham,0
"Yes, my reg is  Ciao!",ham,0
What is this 'hex' place you talk of? Explain!,ham,0
"Hello. Sort of out in town already. That . So dont rush home, I am eating nachos. Will let you know eta.",ham,0
Do you know when dad will be back?,ham,0
Aiyar dun disturb u liao... Thk u have lots 2 do aft ur cupboard come...,ham,0
* Was thinking about chuckin ur red green n black trainners 2 save carryin them bac on train,ham,0
"V-aluable. A-ffectionate. L-oveable. E-ternal. N-oble. T-ruthful. I-ntimate. N-atural. E-namous. Happy ""VALENTINES DAY"" in advance",ham,0
I‘m parked next to a MINI!!!! When are you coming in today do you think?,ham,0
"Yo, you around? Just got my car back",ham,0
"Hello from Orange. For 1 month's free access to games, news and sport, plus 10 free texts and 20 photo messages, reply YES. Terms apply: www.orange.co.uk/ow",spam,1
Slaaaaave ! Where are you ? Must I summon you to me all the time now ? Don't you wish to come to me on your own anymore?,ham,0
Sorry me going home first... Daddy come fetch ü later...,ham,0
I sent them. Do you like?,ham,0
THANX 4 PUTTIN DA FONE DOWN ON ME!!,ham,0
"As I entered my cabin my PA said, '' Happy B'day Boss !!''. I felt special. She askd me 4 lunch. After lunch she invited me to her apartment. We went there.",ham,0
Bring it if you got it,ham,0
This weekend is fine (an excuse not to do too much decorating),ham,0
Message from . I am at Truro Hospital on ext. You can phone me here. as I have a phone by my side,ham,0
Great to hear you are settling well. So what's happenin wit ola?,ham,0
If anyone calls for a treadmill say you'll buy it. Make sure its working. I found an ad on Craigslist selling for $ &lt;#&gt; .,ham,0
Neshanth..tel me who r u?,ham,0
True. Its easier with her here.,ham,0
Howz that persons story,ham,0
"Sorry, I'll call later",ham,0
18 days to Euro2004 kickoff! U will be kept informed of all the latest news and results daily. Unsubscribe send GET EURO STOP to 83222.,spam,1
Tension ah?what machi?any problem?,ham,0
"K, I might come by tonight then if my class lets out early",ham,0
Its hard to believe things like this. All can say lie but think twice before saying anything to me.,ham,0
"Urgent UR awarded a complimentary trip to EuroDisinc Trav, Aco&Entry41 Or £1000. To claim txt DIS to 87121 18+6*£1.50(moreFrmMob. ShrAcomOrSglSuplt)10, LS1 3AJ",spam,1
I (Career Tel) have added u as a contact on INDYAROCKS.COM to send FREE SMS. To remove from phonebook - sms NO to  &lt;#&gt;,ham,0
Good night my dear.. Sleepwell&amp;Take care,ham,0
meet you in corporation st outside gap … you can see how my mind is working!,ham,0
"5 Free Top Polyphonic Tones call 087018728737, National Rate. Get a toppoly tune sent every week, just text SUBPOLY to 81618, £3 per pole. UnSub 08718727870.",spam,1
yes baby! I need to stretch open your pussy!,ham,0
My uncles in Atlanta. Wish you guys a great semester.,ham,0
Congratulations ur awarded either a yrs supply of CDs from Virgin Records or a Mystery Gift GUARANTEED Call 09061104283 Ts&Cs www.smsco.net £1.50pm approx 3mins,spam,1
Check audrey's status right now,ham,0
"For ur chance to win a £250 cash every wk TXT: ACTION to 80608. T's&C's www.movietrivia.tv custcare 08712405022, 1x150p/wk.",spam,1
Hey what happen de. Are you alright.,ham,0
U’ve Bin Awarded £50 to Play 4 Instant Cash. Call 08715203028 To Claim. EVERY 9th Player Wins Min £50-£500. OptOut 08718727870,spam,1
"I noe la... U wana pei bf oso rite... K lor, other days den...",ham,0
Please call our customer service representative on 0800 169 6031 between 10am-9pm as you have WON a guaranteed £1000 cash or £5000 prize!,spam,1
I'm in office now . I will call you  &lt;#&gt;  min:),ham,0
"Sure, if I get an acknowledgement from you that it's astoundingly tactless and generally faggy to demand a blood oath fo",ham,0
Alex knows a guy who sells mids but he's down in south tampa and I don't think I could set it up before like 8,ham,0
"7 wonders in My WORLD 7th You 6th Ur style 5th Ur smile 4th Ur Personality 3rd Ur Nature 2nd Ur SMS and 1st ""Ur Lovely Friendship""... good morning dear",ham,0
I fetch yun or u fetch?,ham,0
Badrith is only for chennai:)i will surely pick for us:)no competition for him.,ham,0
No..he joined today itself.,ham,0
Tessy..pls do me a favor. Pls convey my birthday wishes to Nimya..pls dnt forget it. Today is her birthday Shijas,ham,0
Can you call me plz. Your number shows out of coveragd area. I have urgnt call in vasai &amp; have to reach before 4'o clock so call me plz,ham,0
"The sign of maturity is not when we start saying big things.. But actually it is, when we start understanding small things... *HAVE A NICE EVENING* BSLVYL",ham,0
Go where n buy? Juz buy when we get there lar.,ham,0
Ok i msg u b4 i leave my house.,ham,0
What happened to our yo date?,ham,0
"Waqt se pehle or naseeb se zyada kisi ko kuch nahi milta,Zindgi wo nahi he jo hum sochte hai Zindgi wo hai jo ham jeetey hai..........",ham,0
Ok I'm gonna head up to usf in like fifteen minutes,ham,0
The new deus ex game comin early next yr,ham,0
I think it's all still in my car,ham,0
From someone not to smoke when every time I've smoked in the last two weeks is because of you calling or texting me that you wanted to smoke,ham,0
Waiting for your call.,ham,0
"Got fujitsu, ibm, hp, toshiba... Got a lot of model how to say...",ham,0
Does not operate after  &lt;#&gt;  or what,ham,0
Remember on that day..,ham,0
K then 2marrow are you coming to class.,ham,0
Take care and sleep well.you need to learn to change in life.you only need to get CONVINCED on that.i will wait but no more conversations between us.GET CONVINCED by that time.Your family is over for you in many senses.respect them but not overemphasise.or u have no role in my life.,ham,0
Nothing just getting msgs by dis name wit different no's..,ham,0
What type of stuff do you sing?,ham,0
K still are you loving me.,ham,0
Nope. Meanwhile she talk say make i greet you.,ham,0
But I'm on a diet. And I ate 1 too many slices of pizza yesterday. Ugh I'm ALWAYS on a diet.,ham,0
Hey leave it. not a big deal:-) take care.,ham,0
I'll probably be by tomorrow (or even later tonight if something's going on),ham,0
Yeah imma come over cause jay wants to do some drugs,ham,0
I just really need shit before tomorrow and I know you won't be awake before like 6,ham,0
Hi neva worry bout da truth coz the truth will lead me 2 ur heart. Its the least a unique person like u deserve. Sleep tight or morning,ham,0
Even if he my friend he is a priest call him now,ham,0
Okay lor... Wah... like that def they wont let us go... Haha... What did they say in the terms and conditions?,ham,0
"Thank you, winner notified by sms. Good Luck! No future marketing reply STOP to 84122 customer services 08450542832",spam,1
+123 Congratulations - in this week's competition draw u have won the £1450 prize to claim just call 09050002311 b4280703. T&Cs/stop SMS 08718727868. Over 18 only 150ppm,spam,1
Hi missed your Call and my mumHas beendropping red wine all over theplace! what is your adress?,ham,0
Had your mobile 10 mths? Update to latest Orange camera/video phones for FREE. Save £s with Free texts/weekend calls. Text YES for a callback orno to opt out,spam,1
Yar i wanted 2 scold u yest but late already... I where got zhong se qing you? If u ask me b4 he ask me then i'll go out w u all lor. N u still can act so real.,ham,0
"Hey chief, can you give me a bell when you get this. Need to talk to you about this royal visit on the 1st june. ",ham,0
"Jay wants to work out first, how's 4 sound?",ham,0
Thanks love. But am i doing torch or bold.,ham,0
"Good evening Sir, Al Salam Wahleykkum.sharing a happy news.By the grace of God, i got an offer from Tayseer,TISSCO and i joined.Hope you are fine.Inshah Allah,meet you sometime.Rakhesh,visitor from India.",ham,0
I'm so in love with you. I'm excited each day i spend with you. You make me so happy.,ham,0
Ok...,ham,0
Da my birthdate in certificate is in april but real date is today. But dont publish it. I shall give you a special treat if you keep the secret. Any way thanks for the wishes,ham,0
Ok i wont call or disturb any one. I know all are avoiding me. I am a burden for all,ham,0
Do u ever get a song stuck in your head for no reason and it won't go away til u listen to it like 5 times?,ham,0
New TEXTBUDDY Chat 2 horny guys in ur area 4 just 25p Free 2 receive Search postcode or at gaytextbuddy.com. TXT ONE name to 89693,spam,1
Cramps stopped. Going back to sleep,ham,0
"Ok that would b lovely, if u r sure. Think about wot u want to do, drinkin, dancin, eatin, cinema, in, out, about... Up to u! Wot about ? ",ham,0
Sorry de i went to shop.,ham,0
Aight do you still want to get money,ham,0
Dunno lei... I might b eatin wif my frens... If ü wan to eat then i wait 4 ü lar,ham,0
"For ur chance to win £250 cash every wk TXT: PLAY to 83370. T's&C's www.music-trivia.net custcare 08715705022, 1x150p/wk.",spam,1
Sian... Aft meeting supervisor got work 2 do liao... U working now?,ham,0
I think asking for a gym is the excuse for lazy people. I jog.,ham,0
Hi! You just spoke to MANEESHA V. We'd like to know if you were satisfied with the experience. Reply Toll Free with Yes or No.,ham,0
What u talking bout early morning? It's almost noon where your at!,ham,0
"hey, looks like I was wrong and one of the kappa guys numbers is still on my phone, if you want I can text him and see if he's around",ham,0
And also I've sorta blown him off a couple times recently so id rather not text him out of the blue looking for weed,ham,0
Mum not going robinson already.,ham,0
Draw va?i dont think so:),ham,0
For my family happiness..,ham,0
Hi! This is Roger from CL. How are you?,ham,0
"Not yet chikku..going to room nw, i'm in bus..",ham,0
You in your room? I need a few,ham,0
"K.. I yan jiu liao... Sat we can go 4 bugis vill one frm 10 to 3 den hop to parco 4 nb. Sun can go cine frm 1030 to 2, den hop to orc mrt 4 hip hop at 4...",ham,0
I liked your new house,ham,0
K k:) sms chat with me.,ham,0
Also where's the piece,ham,0
"Dear Hero,i am leaving to qatar tonite for an apt opportunity.pls do keep in touch at  &lt;EMAIL&gt; ,kerala",ham,0
He's in lag. That's just the sad part but we keep in touch thanks to skype,ham,0
K.i will send in  &lt;#&gt;  min:),ham,0
K..i deleted my contact that why?,ham,0
Hi this is yijue... It's regarding the 3230 textbook it's intro to algorithms second edition... I'm selling it for $50...,ham,0
Congratulations ur awarded 500 of CD vouchers or 125gift guaranteed & Free entry 2 100 wkly draw txt MUSIC to 87066,spam,1
ASKED 3MOBILE IF 0870 CHATLINES INCLU IN FREE MINS. INDIA CUST SERVs SED YES. L8ER GOT MEGA BILL. 3 DONT GIV A SHIT. BAILIFF DUE IN DAYS. I O £250 3 WANT £800,spam,1
Ü bot notes oredi... Cos i juz rem i got...,ham,0
I told your number to gautham..,ham,0
i can call in  &lt;#&gt;  min if thats ok,ham,0
"It's that time of the week again, ryan",ham,0
Hey do you want anything to buy:),ham,0
"Nothing really, just making sure everybody's up to speed",ham,0
"No my blankets are sufficient, thx",ham,0
I enjoy watching and playing football and basketball. Anything outdoors. And you?,ham,0
Yes. Nigh you cant aha.,ham,0
make that 3! 4 fucks sake?! x,ham,0
I AM AT A PARTY WITH ALEX NICHOLS,ham,0
From here after The performance award is calculated every two month.not for current one month period..,ham,0
I thk 50 shd be ok he said plus minus 10.. Did ü leave a line in between paragraphs?,ham,0
Oh k. . I will come tomorrow,ham,0
Want the latest Video handset? 750 anytime any network mins? Half price line rental? Reply or call 08000930705 for delivery tomorrow,spam,1
"Anyway I don't think I can secure anything up here, lemme know if you want me to drive down south and chill",ham,0
I will be gentle baby! Soon you will be taking all  &lt;#&gt;  inches deep inside your tight pussy...,ham,0
Discussed with your mother ah?,ham,0
Was just about to ask. Will keep this one. Maybe that's why you didn't get all the messages we sent you on glo,ham,0
Would really appreciate if you call me. Just need someone to talk to.,ham,0
Otherwise had part time job na-tuition..,ham,0
"see, i knew giving you a break a few times woul lead to you always wanting to miss curfew. I was gonna gibe you 'til one, but a MIDNIGHT movie is not gonna get out til after 2. You need to come home. You need to getsleep and, if anything, you need to b studdying ear training.",ham,0
"Sorry that took so long, omw now",ham,0
Now get step 2 outta the way. Congrats again.,ham,0
"Hiya, had a good day? Have you spoken to since the weekend?",ham,0
Wat ü doing now?,ham,0
Oh really?? Did you make it on air? What's your talent?,ham,0
You intrepid duo you! Have a great time and see you both soon. ,ham,0
"Good afternoon loverboy ! How goes you day ? Any luck come your way? I think of you, sweetie and send my love across the sea to make you smile and happy",ham,0
"Did I forget to tell you ? I want you , I need you, I crave you ... But most of all ... I love you my sweet Arabian steed ... Mmmmmm ... Yummy",ham,0
Ok lor ü reaching then message me.,ham,0
FreeMsg Today's the day if you are ready! I'm horny & live in your town. I love sex fun & games! Netcollex Ltd 08700621170150p per msg reply Stop to end,spam,1
"Congrats! 2 mobile 3G Videophones R yours. call 09063458130 now! videochat wid your mates, play java games, Dload polyPH music, noline rentl.",spam,1
"Hi the way I was with u 2day, is the normal way&this is the real me. UR unique&I hope I know u 4 the rest of mylife. Hope u find wot was lost.",ham,0
Finish liao... U?,ham,0
I am in escape theatre now. . Going to watch KAVALAN in a few minutes,ham,0
I dunno lei... Like dun haf...,ham,0
Arun can u transfr me d amt,ham,0
Was gr8 to see that message. So when r u leaving? Congrats dear. What school and wat r ur plans.,ham,0
Anything lor is she coming?,ham,0
"Mila, age23, blonde, new in UK. I look sex with UK guys. if u like fun with me. Text MTALK to 69866.18 . 30pp/txt 1st 5free. £1.50 increments. Help08718728876",spam,1
Yeah if we do have to get a random dude we need to change our info sheets to PARTY  &lt;#&gt; /7 NEVER STUDY just to be safe,ham,0
Are you there in room.,ham,0
Was actually about to send you a reminder today. Have a wonderful weekend,ham,0
"YOUR CHANCE TO BE ON A REALITY FANTASY SHOW call now = 08707509020 Just 20p per min NTT Ltd, PO Box 1327 Croydon CR9 5WB 0870 is a national = rate call",spam,1
"SHIT BABE.. THASA BIT MESSED UP.YEH, SHE SHUDVETOLD U. DID URGRAN KNOW?NEWAY, ILLSPEAK 2 U2MORO WEN IM NOT ASLEEP...",ham,0
Apps class varaya elaya.,ham,0
Sos! Any amount i can get pls.,ham,0
Erutupalam thandiyachu,ham,0
Lmao but its so fun...,ham,0
Did u find a sitter for kaitlyn? I was sick and slept all day yesterday.,ham,0
Yeah I imagine he would be really gentle. Unlike the other docs who treat their patients like turkeys.,ham,0
Finish already... Yar they keep saying i mushy... I so embarrassed ok...,ham,0
Ok ill send you with in  &lt;DECIMAL&gt;  ok.,ham,0
Cool. Do you like swimming? I have a pool and jacuzzi at my house.,ham,0
Allo! We have braved the buses and taken on the trains and triumphed. I mean we‘re in b‘ham. Have a jolly good rest of week,ham,0
I lost 4 pounds since my doc visit last week woot woot! Now I'm gonna celebrate by stuffing my face!,ham,0
LIFE has never been this much fun and great until you came in. You made it truly special for me. I won't forget you! enjoy @ one gbp/sms,spam,1
"Gosh that , what a pain. Spose I better come then.",ham,0
Talk With Yourself Atleast Once In A Day...!!! Otherwise You Will Miss Your Best FRIEND In This WORLD...!!! -Shakespeare- SHESIL  &lt;#&gt;,ham,0
Just sleeping..and surfing,ham,0
Oh Howda gud gud.. Mathe en samachara chikku:-),ham,0
"Motivate Behind every darkness, there is a shining light waiting for you to find it... Behind every best friend, there is always trust and love... BSLVYL",ham,0
Jamster! To get your free wallpaper text HEART to 88888 now! T&C apply. 16 only. Need Help? Call 08701213186.,spam,1
Wat so late still early mah. Or we juz go 4 dinner lor. Aiya i dunno...,ham,0
I think that tantrum's finished so yeah I'll be by at some point,ham,0
How are you doing. How's the queen. Are you going for the royal wedding,ham,0
Fffff. Can you text kadeem or are you too far gone,ham,0
Well at this right I'm gonna have to get up and check today's steam sales/pee so text me when you want me to come get you,ham,0
NO GIFTS!! You trying to get me to throw myself off a cliff or something?,ham,0
Also are you bringing galileo or dobby,ham,0
I dont know what to do to come out of this so only am ask questions like this dont mistake me.,ham,0
"Hi Shanil,Rakhesh here.thanks,i have exchanged the uncut diamond stuff.leaving back. Excellent service by Dino and Prem.",ham,0
My sort code is  and acc no is . The bank is natwest. Can you reply to confirm i've sent this to the right person!,ham,0
"Vikky, come around  &lt;TIME&gt; ..",ham,0
"There'll be a minor shindig at my place later tonight, you interested?",ham,0
Don know..wait i will check it.,ham,0
Then ü come n pick me at 530 ar?,ham,0
Am new 2 club & dont fink we met yet Will B gr8 2 C U Please leave msg 2day wiv ur area 09099726553 reply promised CARLIE x Calls£1/minMobsmore LKPOBOX177HP51FL,spam,1
"Dear, will call Tmorrow.pls accomodate.",ham,0
ALRITE HUNNY!WOT U UP 2 2NITE? DIDNT END UP GOIN DOWN TOWN JUS DA PUB INSTEAD! JUS CHILLIN AT DA MO IN ME BEDROOM!LOVE JEN XXX.,ham,0
Got but got 2 colours lor. One colour is quite light n e other is darker lor. Actually i'm done she's styling my hair now.,ham,0
I came hostel. I m going to sleep. Plz call me up before class. Hrishi.,ham,0
645,ham,0
My slave! I want you to take 2 or 3 pictures of yourself today in bright light on your cell phone! Bright light!,ham,0
Or ü go buy wif him then i meet ü later can?,ham,0
"Hiya , have u been paying money into my account? If so, thanks. Got a pleasant surprise when i checked my balance -u c, i don't get statements 4 that acc",ham,0
Been running but only managed 5 minutes and then needed oxygen! Might have to resort to the roller option!,ham,0
R u sure they'll understand that! Wine * good idea just had a slurp!,ham,0
Carlos says he'll be at mu in  &lt;#&gt;  minutes,ham,0
Yar lor actually we quite fast... Cos da ge slow wat... Haha...,ham,0
Wait . I will msg after  &lt;#&gt;  min.,ham,0
URGENT! We are trying to contact U. Todays draw shows that you have won a £2000 prize GUARANTEED. Call 09058094507 from land line. Claim 3030. Valid 12hrs only,spam,1
"… we r stayin here an extra week, back next wed. How did we do in the rugby this weekend? Hi to and and , c u soon """,ham,0
CDs 4u: Congratulations ur awarded £500 of CD gift vouchers or £125 gift guaranteed & Freeentry 2 £100 wkly draw xt MUSIC to 87066 TnCs www.ldew.com1win150ppmx3age16 ,spam,1
"Just got some gas money, any chance you and the gang want to go on a grand nature adventure?",ham,0
NEFT Transaction with reference number  &lt;#&gt;  for Rs. &lt;DECIMAL&gt;  has been credited to the beneficiary account on  &lt;#&gt;  at  &lt;TIME&gt; : &lt;#&gt;,ham,0
Double eviction this week - Spiral and Michael and good riddance to them!,ham,0
"Sorry, I'll call later",ham,0
Okay... We wait ah,ham,0
Update_Now - 12Mths Half Price Orange line rental: 400mins...Call MobileUpd8 on 08000839402 or call2optout=J5Q,spam,1
Dis is yijue. I jus saw ur mail. In case huiming havent sent u my num. Dis is my num.,ham,0
"I'm there and I can see you, but you can't see me ? Maybe you should reboot ym ? I seen the buzz",ham,0
How would my ip address test that considering my computer isn't a minecraft server,ham,0
"wiskey Brandy Rum Gin Beer Vodka Scotch Shampain Wine ""KUDI""yarasu dhina vaazhthukkal. ..",ham,0
U wan 2 haf lunch i'm in da canteen now.,ham,0
Yes princess! I want to make you happy...,ham,0
Sorry i'm not free...,ham,0
Are you staying in town ?,ham,0
You have 1 new message. Please call 08718738034.,spam,1
Except theres a chick with huge boobs.,ham,0
"Do you know why god created gap between your fingers..? So that, One who is made for you comes &amp; fills those gaps by holding your hand with LOVE..!",ham,0
If i not meeting ü all rite then i'll go home lor. If ü dun feel like comin it's ok.,ham,0
Hope you are having a good week. Just checking in,ham,0
When u love someone Dont make them to love u as much as u do. But Love them so much that they dont want to be loved by anyone except you... Gud nit.,ham,0
"Nothing, i got msg frm tht unknown no..",ham,0
Yep get with the program. You're slacking.,ham,0
HI DARLIN I FINISH AT 3 DO U 1 2 PICK ME UP OR MEET ME? TEXT BACK ON THIS NUMBER LUV KATE XXX,ham,0
"Sir, I am waiting for your mail.",ham,0
You only hate me. You can call any but you didnt accept even a single call of mine. Or even you messaged,ham,0
Pls she needs to dat slowly or she will vomit more.,ham,0
Hey darlin.. i can pick u up at college if u tell me wen & where 2 mt.. love Pete xx,ham,0
Phony £350 award - Todays Voda numbers ending XXXX are selected to receive a £350 award. If you have a match please call 08712300220 quoting claim code 3100 standard rates app,spam,1
"Height of Confidence: All the Aeronautics professors wer calld &amp; they wer askd 2 sit in an aeroplane. Aftr they sat they wer told dat the plane ws made by their students. Dey all hurried out of d plane.. Bt only 1 didnt move... He said:""if it is made by my students,this wont even start........ Datz confidence..",ham,0
85233 FREE>Ringtone!Reply REAL,spam,1
Pandy joined 4w technologies today.he got job..,ham,0
Noice. Text me when you're here,ham,0
My tuition is at 330. Hm we go for the 1120 to 1205 one? Do you mind?,ham,0
Ok ill tell the company,ham,0
Oh wow thats gay. Will firmware update help,ham,0
* You gonna ring this weekend or wot?,ham,0
I will be outside office take all from there,ham,0
Ill call you evening ill some ideas.,ham,0
Urgent Ur £500 guaranteed award is still unclaimed! Call 09066368327 NOW closingdate04/09/02 claimcode M39M51 £1.50pmmorefrommobile2Bremoved-MobyPOBox734LS27YF,spam,1
"Please protect yourself from e-threats. SIB never asks for sensitive information like Passwords,ATM/SMS PIN thru email. Never share your password with anybody.",ham,0
Who were those people ? Were you in a tour ? I thought you were doing that sofa thing you sent me ? Your curious sugar,ham,0
Merry christmas to u too annie!,ham,0
"That's fine, have him give me a call if he knows what he wants or has any questions",ham,0
Free video camera phones with Half Price line rental for 12 mths and 500 cross ntwk mins 100 txts. Call MobileUpd8 08001950382 or Call2OptOut/674,spam,1
Full heat pa:-) i have applyed oil pa.,ham,0
Nite nite pocay wocay luv u more than n e thing 4eva I promise ring u 2morrowxxxx,ham,0
Really do hope the work doesnt get stressful. Have a gr8 day.,ham,0
Aiyo a bit pai seh ü noe... Scared he dun rem who i am then die... Hee... But he become better lookin oredi leh...,ham,0
For many things its an antibiotic and it can be used for chest abdomen and gynae infections even bone infections.,ham,0
Okie...,ham,0
How much r ü willing to pay?,ham,0
Thanx u darlin!im cool thanx. A few bday drinks 2 nite. 2morrow off! Take care c u soon.xxx,ham,0
"2 celebrate my bday, y else?",ham,0
Thk some of em find wtc too far... Weiyi not goin... E rest i dunno yet... R ur goin 4 dinner den i might b able to join...,ham,0
Hai priya are you right. What doctor said pa. Where are you.,ham,0
Dont you have message offer,ham,0
"THATS ALRITE GIRL, U KNOW GAIL IS NEVA WRONG!!TAKE CARE SWEET AND DONT WORRY.C U L8TR HUN!LOVE Yaxxx",ham,0
So can collect ur laptop?,ham,0
Probably gonna swing by in a wee bit,ham,0
 &lt;#&gt;  mins but i had to stop somewhere first.,ham,0
Nobody can decide where to eat and dad wants Chinese,ham,0
I dont want to hear philosophy. Just say what happen,ham,0
Oh ho. Is this the first time u use these type of words,ham,0
No calls..messages..missed calls,ham,0
Ryder unsold.now gibbs.,ham,0
Hello beautiful r u ok? I've kinda ad a row wiv and he walked out the pub?? I wanted a night wiv u Miss u ,ham,0
I am going to sao mu today. Will be done only at 12 ,ham,0
Just nw i came to hme da..,ham,0
I guess it is useless calling u 4 something important.,ham,0
Ok. C u then.,ham,0
I dont understand your message.,ham,0
Convey my regards to him,ham,0
Thanks a lot for your wishes on my birthday. Thanks you for making my birthday truly memorable.,ham,0
Eek that's a lot of time especially since American Pie is like 8 minutes long. I can't stop singing it.,ham,0
Sad story of a Man - Last week was my b'day. My Wife did'nt wish me. My Parents forgot n so did my Kids . I went to work. Even my Colleagues did not wish.,ham,0
"I keep seeing weird shit and bein all ""woah"" then realising it's actually reasonable and I'm all ""oh""",ham,0
I wish things were different. I wonder when i will be able to show you how much i value you. Pls continue the brisk walks no drugs without askin me please and find things to laugh about. I love you dearly.,ham,0
"Ahhhh...just woken up!had a bad dream about u tho,so i dont like u right now :) i didnt know anything about comedy night but i guess im up for it.",ham,0
"A boy was late 2 home. His father: ""POWER OF FRNDSHIP""",ham,0
Oh just getting even with u.... u?,ham,0
"Same here, but I consider walls and bunkers and shit important just because I never play on peaceful but I guess your place is high enough that it don't matter",ham,0
Get me out of this dump heap. My mom decided to come to lowes. BORING.,ham,0
"FREE RING TONE just text ""POLYS"" to 87131. Then every week get a new tone. 0870737910216yrs only £1.50/wk.",spam,1
"Alright we'll bring it to you, see you in like  &lt;#&gt;  mins",ham,0
"Congrats! 1 year special cinema pass for 2 is yours. call 09061209465 now! C Suprman V, Matrix3, StarWars3, etc all 4 FREE! bx420-ip4-5we. 150pm. Dont miss out!",spam,1
Lara said she can loan me  &lt;#&gt; .,ham,0
My supervisor find 4 me one lor i thk his students. I havent ask her yet. Tell u aft i ask her.,ham,0
Where are you call me.,ham,0
You still at the game?,ham,0
"Hiya, sorry didn't hav signal. I haven't seen or heard from and neither has, which is unusual in itself! I'll put on the case and get him to sort it out! Hugs and snogs.",ham,0
"URGENT! Your mobile No 07xxxxxxxxx won a £2,000 bonus caller prize on 02/06/03! this is the 2nd attempt to reach YOU! call 09066362231 ASAP! BOX97N7QP, 150PPM",spam,1
I love u 2 babe! R u sure everything is alrite. Is he being an idiot? Txt bak girlie,ham,0
Ok pa. Nothing problem:-),ham,0
"Get 3 Lions England tone, reply lionm 4 mono or lionp 4 poly. 4 more go 2 www.ringtones.co.uk, the original n best. Tones 3GBP network operator rates apply.",spam,1
I'm home. Doc gave me pain meds says everything is fine.,ham,0
Hey gals.. Anyone of u going down to e driving centre tmr?,ham,0
I'm in chennai velachery:),ham,0
Thx. All will be well in a few months,ham,0
Of cos can lar i'm not so ba dao ok... 1 pm lor... Y u never ask where we go ah... I said u would ask on fri but he said u will ask today...,ham,0
Whatsup there. Dont u want to sleep,ham,0
Also fuck you and your family for going to rhode island or wherever the fuck and leaving me all alone the week I have a new bong &gt;:(,ham,0
I HAVE A DATE ON SUNDAY WITH WILL!!,ham,0
I plane to give on this month end.,ham,0
Dont gimme that lip caveboy,ham,0
Free video camera phones with Half Price line rental for 12 mths and 500 cross ntwk mins 100 txts. Call MobileUpd8 08001950382 or Call2OptOut/674&,spam,1
either way works for me. I am  &lt;#&gt;  years old. Hope that doesnt bother you.,ham,0
Unni thank you dear for the recharge..Rakhesh,ham,0
Are you this much buzy,ham,0
Don't forget though that I love you .... And I walk beside you. Watching over you and keeping your heart warm.,ham,0
Love you aathi..love u lot..,ham,0
S:)but he had some luck.2 catches put down:),ham,0
Yo! Howz u? girls never rang after india. L,ham,0
My sister cleared two round in birla soft yesterday.,ham,0
"Thanks for your ringtone order, reference number X49. Your mobile will be charged 4.50. Should your tone not arrive please call customer services 09065989182. From: [colour=red]text[/colour]TXTstar",spam,1
Anything is valuable in only 2 situations: First- Before getting it... Second- After loosing it...,ham,0
You got job in wipro:)you will get every thing in life in 2 or 3 years.,ham,0
"Good afternoon, babe. How goes that day ? Any job prospects yet ? I miss you, my love ... *sighs* ... :-(",ham,0
I cant pick the phone right now. Pls send a message,ham,0
Apart from the one i told you about yesterday?,ham,0
The current leading bid is 151. To pause this auction send OUT. Customer Care: 08718726270,spam,1
URGENT This is our 2nd attempt to contact U. Your £900 prize from YESTERDAY is still awaiting collection. To claim CALL NOW 09061702893. ACL03530150PM,spam,1
Thats cool! Sometimes slow and gentle. Sonetimes rough and hard :),ham,0
"Hey, iouri gave me your number, I'm wylie, ryan's friend",ham,0
I couldn't say no as he is a dying man and I feel sad for him so I will go and I just wanted you to know I would probably be gone late into your night,ham,0
K..give back my thanks.,ham,0
SERIOUSLY. TELL HER THOSE EXACT WORDS RIGHT NOW.,ham,0
Ummmmmaah Many many happy returns of d day my dear sweet heart.. HAPPY BIRTHDAY dear,ham,0
Smith waste da.i wanna gayle.,ham,0
You are gorgeous! keep those pix cumming :) thank you!,ham,0
Why de. You looking good only:-)..,ham,0
"Like I made him throw up when we were smoking in our friend's car one time, it was awesome",ham,0
"I'm in a meeting, call me later at",ham,0
I'm glad. You are following your dreams.,ham,0
Yup ü not comin :-(,ham,0
Nice.nice.how is it working?,ham,0
Block Breaker now comes in deluxe format with new features and great graphics from T-Mobile. Buy for just £5 by replying GET BBDELUXE and take the challenge,spam,1
Eh sorry leh... I din c ur msg. Not sad already lar. Me watching tv now. U still in office?,ham,0
Tomarrow i want to got to court. At  &lt;DECIMAL&gt; . So you come to bus stand at 9.,ham,0
Dad says hurry the hell up,ham,0
Lol u still feeling sick?,ham,0
Guess which pub im in? Im as happy as a pig in clover or whatever the saying is! ,ham,0
Hello madam how are you ?,ham,0
"Sorry my roommates took forever, it ok if I come by now?",ham,0
Please leave this topic..sorry for telling that..,ham,0
Quite ok but a bit ex... U better go eat smth now else i'll feel guilty...,ham,0
Please CALL 08712402902 immediately as there is an urgent message waiting for you.,spam,1
"Sppok up ur mob with a Halloween collection of nokia logo&pic message plus a FREE eerie tone, txt CARD SPOOK to 8007",spam,1
No. 1 Nokia Tone 4 ur mob every week! Just txt NOK to 87021. 1st Tone FREE ! so get txtin now and tell ur friends. 150p/tone. 16 reply HL 4info,spam,1
YOU ARE CHOSEN TO RECEIVE A £350 AWARD! Pls call claim number 09066364311 to collect your award which you are selected to receive as a valued mobile customer.,spam,1
"Isn't frnd a necesity in life? imagine urself witout a frnd.. hw'd u feel at ur colleg? wat'll u do wth ur cell? wat abt functions? thnk abt events espe'll cared, missed &amp; irritated u? 4wrd it to all those dear-loving frnds wthout whom u cant live.. I jst did it.. Takecare..:) GOODMORNING",ham,0
"alright babe, justthought id sayhey! how u doin?nearly the endof me wk offdam nevamind!We will have 2Hook up sn if uwant m8? loveJen x.",ham,0
Ugh I don't wanna get out of bed. It's so warm.,ham,0
Kallis is ready for bat in 2nd innings,ham,0
Get your garden ready for summer with a FREE selection of summer bulbs and seeds worth £33:50 only with The Scotsman this Saturday. To stop go2 notxt.co.uk,spam,1
"Cool, text me when you're parked",ham,0
Hey anyway i have to :-),ham,0
No problem. How are you doing?,ham,0
"Loan for any purpose £500 - £75,000. Homeowners + Tenants welcome. Have you been previously refused? We can still help. Call Free 0800 1956669 or text back 'help'",spam,1
"'An Amazing Quote'' - ""Sometimes in life its difficult to decide whats wrong!! a lie that brings a smile or the truth that brings a tear....""",ham,0
That's one of the issues but california is okay. No snow so its manageable,ham,0
We currently have a message awaiting your collection. To collect your message just call 08718723815.,spam,1
somewhere out there beneath the pale moon light someone think in of u some where out there where dreams come true... goodnite &amp; sweet dreams,ham,0
Yeah like if it goes like it did with my friends imma flip my shit in like half an hour,ham,0
Id onluy matters when getting on from offcampus,ham,0
I agree. So i can stop thinkin about ipad. Can you please ask macho the same question.,ham,0
Convey my regards to him,ham,0
HI ITS JESS I DONT KNOW IF YOU ARE AT WORK BUT CALL ME WHEN U CAN IM AT HOME ALL EVE. XXX,ham,0
I've sent ü my part..,ham,0
Someone has conacted our dating service and entered your phone because they fancy you!To find out who it is call from landline 09111030116. PoBox12n146tf15,spam,1
That's a shame! Maybe cld meet for few hrs tomo?,ham,0
"Wa, ur openin sentence very formal... Anyway, i'm fine too, juz tt i'm eatin too much n puttin on weight...Haha... So anythin special happened?",ham,0
Yes.i'm in office da:),ham,0
"Free-message: Jamster!Get the crazy frog sound now! For poly text MAD1, for real text MAD2 to 88888. 6 crazy sounds for just 3 GBP/week! 16+only! T&C's apply",spam,1
"Uncle G, just checking up on you. Do have a rewarding month",ham,0
And do you have any one that can teach me how to ship cars.,ham,0
"I got arrested for possession at, I shit you not,  &lt;TIME&gt;  pm",ham,0
Who u talking about?,ham,0
K:)k:)good:)study well.,ham,0
"U so lousy, run already come back then half dead... Hee...",ham,0
YOU HAVE WON! As a valued Vodafone customer our computer has picked YOU to win a £150 prize. To collect is easy. Just call 09061743386,spam,1
Ok... But bag again..,ham,0
yeah sure thing mate haunt got all my stuff sorted but im going sound anyway promoting hex for .by the way who is this? dont know number. Joke,ham,0
How many times i told in the stage all use to laugh. You not listen aha.,ham,0
"Sir, i am waiting for your call.",ham,0
You are a winner U have been specially selected 2 receive £1000 cash or a 4* holiday (flights inc) speak to a live operator 2 claim 0871277810810,spam,1
Busy here. Trying to finish for new year. I am looking forward to finally meeting you...,ham,0
"What are you doing in langport? Sorry, but I'll probably be in bed by 9pm. It sucks being ill at xmas! When do you and go2sri lanka? ",ham,0
Howz that persons story,ham,0
"We made it! Eta at taunton is 12:30 as planned, hope that‘s still okday?! Good to see you! :-xx",ham,0
"This is the 2nd time we have tried 2 contact u. U have won the £750 Pound prize. 2 claim is easy, call 087187272008 NOW1! Only 10p per minute. BT-national-rate.",spam,1
That one week leave i put know that time. Why.,ham,0
(Bank of Granite issues Strong-Buy) EXPLOSIVE PICK FOR OUR MEMBERS *****UP OVER 300% *********** Nasdaq Symbol CDGT That is a $5.00 per..,spam,1
I want to send something that can sell fast.  &lt;#&gt; k is not easy money.,ham,0
UR awarded a City Break and could WIN a £200 Summer Shopping spree every WK. Txt STORE to 88039 . SkilGme. TsCs087147403231Winawk!Age16 £1.50perWKsub,spam,1
"URGENT! Your mobile was awarded a £1,500 Bonus Caller Prize on 27/6/03. Our final attempt 2 contact U! Call 08714714011",spam,1
Does cinema plus drink appeal tomo? * Is a fr thriller by director i like on at mac at 8.30.,ham,0
K..k:)how about your training process?,ham,0
Just checking in on you. Really do miss seeing Jeremiah. Do have a great month,ham,0
Great. I was getting worried about you. Just know that a wonderful and caring person like you will have only the best in life. Know that u r wonderful and God's love is yours.,ham,0
He's really into skateboarding now despite the fact that he gets thrown off of it and winds up with bandages and shit all over his arms every five minutes,ham,0
What you did in  leave.,ham,0
Understand. his loss is my gain :) so do you work? School?,ham,0
26th OF JULY,ham,0
Dont know supports ass and srt i thnk. I think ps3 can play through usb too,ham,0
As per your request 'Melle Melle (Oru Minnaminunginte Nurungu Vettam)' has been set as your callertune for all Callers. Press *9 to copy your friends Callertune,ham,0
I forgot 2 ask ü all smth.. There's a card on da present lei... How? Ü all want 2 write smth or sign on it?,ham,0
08714712388 between 10am-7pm Cost 10p,spam,1
"Yeah, we got one lined up for us",ham,0
"Imagine you finally get to sink into that bath after I have put you through your paces, maybe even having you eat me for a while before I left ... But also imagine the feel of that cage on your cock surrounded by the bath water, reminding you always who owns you ... Enjoy, my cuck",ham,0
Hi mom we might be back later than  &lt;#&gt; ,ham,0
Well i will watch shrek in 3D!!B),ham,0
"HEY BABE! FAR 2 SPUN-OUT 2 SPK AT DA MO... DEAD 2 DA WRLD. BEEN SLEEPING ON DA SOFA ALL DAY, HAD A COOL NYTHO, TX 4 FONIN HON, CALL 2MWEN IM BK FRMCLOUD 9! J X",ham,0
Back in brum! Thanks for putting us up and keeping us all and happy. See you soon ,ham,0
tells u 2 call 09066358152 to claim £5000 prize. U have 2 enter all ur mobile & personal details @ the prompts. Careful!,spam,1
Ok. Very good. Its all about making that money.,ham,0
So when you gonna get rimac access ,ham,0
"Nah can't help you there, I've never had an iphone",ham,0
I'm going for bath will msg you next  &lt;#&gt;  min..,ham,0
Great NEW Offer - DOUBLE Mins & DOUBLE Txt on best Orange tariffs AND get latest camera phones 4 FREE! Call MobileUpd8 free on 08000839402 NOW! or 2stoptxt T&Cs,spam,1
All boys made fun of me today. Ok i have no problem. I just sent one message just for fun,ham,0
"Dunno, my dad said he coming home 2 bring us out 4 lunch. Yup i go w u lor. I call u when i reach school lor...",ham,0
"Sorry, I'll call later",ham,0
So how are you really. What are you up to. How's the masters. And so on.,ham,0
Yup no more already... Thanx 4 printing n handing it up.,ham,0
Tell your friends what you plan to do on Valentines day @ &lt;URL&gt;,ham,0
Dude we should go sup again,ham,0
"I'm tired of arguing with you about this week after week. Do what you want and from now on, i'll do the same.",ham,0
Been up to ne thing interesting. Did you have a good birthday? When are u wrking nxt? I started uni today.,ham,0
BIG BROTHER ALERT! The computer has selected u for 10k cash or #150 voucher. Call 09064018838. NTT PO Box CRO1327 18+ BT Landline Cost 150ppm mobiles vary,spam,1
"K, makes sense, btw carlos is being difficult so you guys are gonna smoke while I go pick up the second batch and get gas",ham,0
Can do lor...,ham,0
Yar he quite clever but aft many guesses lor. He got ask me 2 bring but i thk darren not so willing 2 go. Aiya they thk leona still not attach wat.,ham,0
There the size of elephant tablets & u shove um up ur ass!!,ham,0
Dunno lei... I thk mum lazy to go out... I neva ask her yet...,ham,0
Jus finished avatar nigro,ham,0
"Have a lovely night and when you wake up to see this message, i hope you smile knowing all is as should be. Have a great morning",ham,0
Ok lor wat time ü finish?,ham,0
Dude sux for snake. He got old and raiden got buff,ham,0
"Derp. Which is worse, a dude who always wants to party or a dude who files a complaint about the three drug abusers he lives with",ham,0
Yes :)it completely in out of form:)clark also utter waste.,ham,0
"Princess, is your kitty shaved or natural?",ham,0
I hope you that's the result of being consistently intelligent and kind. Start asking him about practicum links and keep your ears open and all the best. ttyl,ham,0
Friendship poem: Dear O Dear U R Not Near But I Can Hear Dont Get Fear Live With Cheer No More Tear U R Always my Dear. Gud ni8,ham,0
"Wen u miss someone, the person is definitely special for u..... But if the person is so special, why to miss them, just Keep-in-touch gdeve..",ham,0
U in town alone?,ham,0
Yup i shd haf ard 10 pages if i add figures... Ü all got how many pages?,ham,0
They just talking thats it de. They wont any other.,ham,0
I come n pick ü up... Come out immediately aft ur lesson...,ham,0
"Free msg. Sorry, a service you ordered from 81303 could not be delivered as you do not have sufficient credit. Please top up to receive the service.",spam,1
Oh my God. I'm almost home,ham,0
Geeeee ... I love you so much I can barely stand it,ham,0
Haf u eaten? Wat time u wan me 2 come?,ham,0
Thanx...,ham,0
"I'm taking derek &amp; taylor to walmart, if I'm not back by the time you're done just leave the mouse on my desk and I'll text you when priscilla's ready",ham,0
No. Thank you. You've been wonderful,ham,0
Is avatar supposed to have subtoitles,ham,0
You have registered Sinco as Payee. Log in at icicibank.com and enter URN  &lt;#&gt;  to confirm. Beware of frauds. Do NOT share or disclose URN to anyone.,ham,0
Why are u up so early?,ham,0
"Dear Sir,Salam Alaikkum.Pride and Pleasure meeting you today at the Tea Shop.We are pleased to send you our contact number at Qatar.Rakhesh an Indian.Pls save our Number.Respectful Regards.",ham,0
What can i do? Might accidant tookplace between somewhere ghodbandar rd. Traffic moves slovely. So plz slip &amp; don't worry.,ham,0
First answer my question.,ham,0
Wish u many many returns of the day.. Happy birthday vikky..,ham,0
Please call our customer service representative on 0800 169 6031 between 10am-9pm as you have WON a guaranteed £1000 cash or £5000 prize!,spam,1
Do u hav any frnd by name ashwini in ur college?,ham,0
Yupz... I've oredi booked slots 4 my weekends liao... ,ham,0
Good morning princess! How are you?,ham,0
Eatin my lunch...,ham,0
Call him and say you not coming today ok and tell them not to fool me like this ok,ham,0
Got smaller capacity one? Quite ex...,ham,0
Boo I'm on my way to my moms. She's making tortilla soup. Yummmm,ham,0
I dont know why she.s not getting your messages,ham,0
"Now, whats your house # again ? And do you have any beer there ?",ham,0
If you ask her or she say any please message.,ham,0
-PLS STOP bootydelious (32/F) is inviting you to be her friend. Reply YES-434 or NO-434 See her: www.SMS.ac/u/bootydelious STOP? Send STOP FRND to 62468,spam,1
Not heard from U4 a while. Call 4 rude chat private line 01223585334 to cum. Wan 2C pics of me gettin shagged then text PIX to 8552. 2End send STOP 8552 SAM xxx,spam,1
Thanks for this hope you had a good day today,ham,0
Well then you have a great weekend!,ham,0
I'm at home. Please call,ham,0
Happy birthday... May u find ur prince charming soon n dun work too hard...,ham,0
S...from the training manual it show there is no tech process:)its all about password reset and troubleshooting:),ham,0
Jus finish my lunch on my way home lor... I tot u dun wan 2 stay in sch today...,ham,0
"Coffee cake, i guess...",ham,0
haha but no money leh... Later got to go for tuition... Haha and looking for empty slots for driving lessons,ham,0
"Height of Confidence: All the Aeronautics professors wer calld &amp; they wer askd 2 sit in an aeroplane. Aftr they sat they wer told dat the plane ws made by their students. Dey all hurried out of d plane.. Bt only 1 didnt move... He said:""if it is made by my students,this wont even start........ Datz confidence..",ham,0
"Sorry, I'll call later ok bye",ham,0
Well done ENGLAND! Get the official poly ringtone or colour flag on yer mobile! text TONE or FLAG to 84199 NOW! Opt-out txt ENG STOP. Box39822 W111WX £1.50,spam,1
K..k.:)congratulation ..,ham,0
Guess who am I?This is the first time I created a web page WWW.ASJESUS.COM read all I wrote. I'm waiting for your opinions. I want to be your friend 1/1,spam,1
"One of best dialogue in cute reltnship..!! ""Wen i Die, Dont Come Near My Body..!! Bcoz My Hands May Not Come 2 Wipe Ur Tears Off That Time..!Gud ni8",ham,0
Then i buy.,ham,0
Love that holiday Monday feeling even if I have to go to the dentists in an hour,ham,0
"K, wait chikku..il send aftr  &lt;#&gt; mins",ham,0
What Today-sunday..sunday is holiday..so no work..,ham,0
I'm serious. You are in the money base,ham,0
Got c... I lazy to type... I forgot ü in lect... I saw a pouch but like not v nice...,ham,0
"My Parents, My Kidz, My Friends n My Colleagues. All screaming.. SURPRISE !! and I was waiting on the sofa.. ... ..... ' NAKED...!",ham,0
Pathaya enketa maraikara pa',ham,0
I am 6 ft. We will be a good combination!,ham,0
Did u see what I posted on your Facebook?,ham,0
"Ok da, i already planned. I wil pick you.",ham,0
Ill be there on  &lt;#&gt;  ok.,ham,0
"God picked up a flower and dippeditinaDEW, lovingly touched itwhichturnedinto u, and the he gifted tomeandsaid,THIS FRIEND IS 4U",ham,0
Nope watching tv at home... Not going out. V bored...,ham,0
"You are guaranteed the latest Nokia Phone, a 40GB iPod MP3 player or a £500 prize! Txt word: COLLECT to No: 83355! IBHltd LdnW15H 150p/Mtmsgrcvd18",spam,1
Lol grr my mom is taking forever with my prescription. Pharmacy is like 2 minutes away. Ugh.,ham,0
Nothing lor... A bit bored too... Then y dun u go home early 2 sleep today...,ham,0
It only does simple arithmetic not percentages.,ham,0
Ya! when are ü taking ure practical lessons? I start in june..  ,ham,0
Bishan lar nearer... No need buy so early cos if buy now i gotta park my car...,ham,0
Aight should I just plan to come up later tonight?,ham,0
"Geeeee ... Your internet is really bad today, eh ?",ham,0
So how's scotland. Hope you are not over showing your JJC tendencies. Take care. Live the dream,ham,0
Small problem in auction:)punj now asking tiwary,ham,0
Haha... can... But i'm having dinner with my cousin...,ham,0
Mmmm ... Fuck ... Not fair ! You know my weaknesses ! *grins* *pushes you to your knee's* *exposes my belly and pulls your head to it* Don't forget ... I know yours too *wicked smile*,ham,0
"Hello, yeah i've just got out of the bath and need to do my hair so i'll come up when i'm done, yeah?",ham,0
Please call our customer service representative on FREEPHONE 0808 145 4742 between 9am-11pm as you have WON a guaranteed £1000 cash or £5000 prize!,spam,1
I'm leaving my house now.,ham,0
What time you think you'll have it? Need to know when I should be near campus,ham,0
Missed call alert. These numbers called but left no message. 07008009200,spam,1
Ok both our days. So what are you making for dinner tonite? Am I invited?,ham,0
Haha mayb u're rite... U know me well. Da feeling of being liked by someone is gd lor. U faster go find one then all gals in our group attached liao.,ham,0
I was at bugis juz now wat... But now i'm walking home oredi... Ü so late then reply... I oso saw a top dat i like but din buy... Where r ü now? ,ham,0
Watching tv lor. Nice one then i like lor.,ham,0
That sucks. So what do you got planned for your yo valentine? I am your yo valentine aren't I?,ham,0
Reminder: You have not downloaded the content you have already paid for. Goto http://doit. mymoby. tv/ to collect your content.,spam,1
Meeting u is my work. . . Tel me when shall i do my work tomorrow,ham,0
"Found it, ENC  &lt;#&gt; , where you at?",ham,0
PRIVATE! Your 2003 Account Statement for 07815296484 shows 800 un-redeemed S.I.M. points. Call 08718738001 Identifier Code 41782 Expires 18/11/04 ,spam,1
"So check your errors and if you had difficulties, do correction.",ham,0
Ur cash-balance is currently 500 pounds - to maximize ur cash-in now send CASH to 86688 only 150p/msg. CC: 08718720201 PO BOX 114/14 TCR/W1,spam,1
URGENT! We are trying to contact U. Todays draw shows that you have won a £800 prize GUARANTEED. Call 09050001808 from land line. Claim M95. Valid12hrs only,spam,1
When did dad get back.,ham,0
"our mobile number has won £5000, to claim calls us back or ring the claims hot line on 09050005321.",spam,1
The hair cream has not been shipped.,ham,0
A guy who gets used but is too dumb to realize it.,ham,0
Stupid.its not possible,ham,0
Hi. || Do u want | to join me with sts later? || Meeting them at five. || Call u after class.,ham,0
Why didn't u call on your lunch?,ham,0
Hmm .. Bits and pieces lol ... *sighs* ...,ham,0
"Just sent again. Do you scream and moan in bed, princess?",ham,0
Aight what time you want me to come up?,ham,0
"Sorry, left phone upstairs. OK, might be hectic but would be all my birds with one fell swoop. It's a date.",ham,0
My love ! How come it took you so long to leave for Zaher's? I got your words on ym and was happy to see them but was sad you had left. I miss you,ham,0
You do your studies alone without anyones help. If you cant no need to study.,ham,0
Have you heard from this week?,ham,0
I am in hospital da. . I will return home in evening,ham,0
Then she dun believe wat?,ham,0
Mm that time you dont like fun,ham,0
Whom you waited for yesterday,ham,0
Then we wait 4 u lor... No need 2 feel bad lar...,ham,0
"Today is ""song dedicated day.."" Which song will u dedicate for me? Send this to all ur valuable frnds but first rply me...",ham,0
"Hm good morning, headache anyone? :-)",ham,0
Is it ok if I stay the night here? Xavier has a sleeping bag and I'm getting tired,ham,0
S:)s.nervous  &lt;#&gt; :),ham,0
"By the way, i've put a skip right outside the front of the house so you can see which house it is. Just pull up before it.",ham,0
The evo. I just had to download flash. Jealous?,ham,0
I'll meet you in the lobby,ham,0
Yes princess! I want to catch you with my big strong hands...,ham,0
"Hello! Just got here, st andrews-boy its a long way! Its cold. I will keep you posted",ham,0
I'm in office now da:)where are you?,ham,0
Do you want bold 2 or bb torch,ham,0
"Come to mu, we're sorting out our narcotics situation",ham,0
Watching tv now. I got new job :),ham,0
Aah bless! How's your arm?,ham,0
"8 at the latest, g's still there if you can scrounge up some ammo and want to give the new ak a try",ham,0
I am sorry it hurt you.,ham,0
"Sorry, I'll call later",ham,0
I only work from mon to thurs but Sat i cant leh... Booked liao... Which other day u free?,ham,0
Usually the body takes care of it buy making sure it doesnt progress. Can we pls continue this talk on saturday.,ham,0
Do you know where my lab goggles went,ham,0
You give us back my id proof and  &lt;#&gt;  rs. We wont allow you to work. We will come to your home within days,ham,0
"Aldrine, rakhesh ex RTM here.pls call.urgent.",ham,0
Book which lesson? then you msg me... I will call up after work or sth... I'm going to get specs. My membership is PX3748,ham,0
Ok... Help me ask if she's working tmr a not?,ham,0
My friends use to call the same.,ham,0
"I met you as a stranger and choose you as my friend. As long as the world stands, our friendship never ends. Lets be Friends forever!!! Gud nitz...",ham,0
Today is ACCEPT DAY..U Accept me as? Brother Sister Lover Dear1 Best1 Clos1 Lvblefrnd Jstfrnd Cutefrnd Lifpartnr Belovd Swtheart Bstfrnd No rply means enemy,ham,0
Thats cool. How was your day?,ham,0
"My mobile number.pls sms ur mail id.convey regards to achan,amma.Rakhesh.Qatar",ham,0
Ok i am on the way to railway,ham,0
"Wan2 win a Meet+Greet with Westlife 4 U or a m8? They are currently on what tour? 1)Unbreakable, 2)Untamed, 3)Unkempt. Text 1,2 or 3 to 83049. Cost 50p +std text",spam,1
Great. Hope you are using your connections from mode men also cos you can never know why old friends can lead you to today,ham,0
"Awesome, lemme know whenever you're around",ham,0
Kinda. First one gets in at twelve! Aah. Speak tomo,ham,0
"Yeah I should be able to, I'll text you when I'm ready to meet up",ham,0
I dont want to hear anything,ham,0
"I am late,so call you tomorrow morning.take care sweet dreams....u and me...ummifying...bye.",ham,0
How dare you stupid. I wont tell anything to you. Hear after i wont talk to you:-.,ham,0
Got it! It looks scrumptious... daddy wants to eat you all night long!,ham,0
So now my dad is gonna call after he gets out of work and ask all these crazy questions.,ham,0
I REALLY NEED 2 KISS U I MISS U MY BABY FROM UR BABY 4EVA,ham,0
Can't take any major roles in community outreach. You rock mel,ham,0
"Lol you forgot it eh ? Yes, I'll bring it in babe",ham,0
Have you got Xmas radio times. If not i will get it now,ham,0
Nvm... I'm going to wear my sport shoes anyway... I'm going to be late leh.,ham,0
Take us out shopping and Mark will distract Isaiah.=D,ham,0
Your account has been refilled successfully by INR  &lt;DECIMAL&gt; . Your KeralaCircle prepaid account balance is Rs  &lt;DECIMAL&gt; . Your Transaction ID is KR &lt;#&gt; .,ham,0
Serious? What like proper tongued her,ham,0
"Aight, sounds good. When do you want me to come down?",ham,0
"I got like $ &lt;#&gt; , I can get some more later though. Get whatever you feel like",ham,0
Is there a reason we've not spoken this year? Anyways have a great week and all the best in your exam,ham,0
Did u got that persons story,ham,0
"K will do, addie &amp; I are doing some art so I'll be here when you get home",ham,0
Ya very nice. . .be ready on thursday,ham,0
"Sorry, got a late start, we're on the way",ham,0
Good morning pookie pie! Lol hope I didn't wake u up,ham,0
Anytime lor...,ham,0
As per your request 'Melle Melle (Oru Minnaminunginte Nurungu Vettam)' has been set as your callertune for all Callers. Press *9 to copy your friends Callertune,ham,0
Theyre doing it to lots of places. Only hospitals and medical places are safe.,ham,0
How are you doing? Hope you've settled in for the new school year. Just wishin you a gr8 day,ham,0
Err... Cud do. I'm going to  at 8pm. I haven't got a way to contact him until then.,ham,0
A bloo bloo bloo I'll miss the first bowl,ham,0
"Want to funk up ur fone with a weekly new tone reply TONES2U 2 this text. www.ringtones.co.uk, the original n best. Tones 3GBP network operator rates apply",spam,1
Happy valentines day I know its early but i have hundreds of handsomes and beauties to wish. So i thought to finish off aunties and uncles 1st...,ham,0
"When I was born, GOD said, ""Oh No! Another IDIOT"". When you were born, GOD said, ""OH No! COMPETITION"". Who knew, one day these two will become FREINDS FOREVER!",ham,0
"Aight fuck it, I'll get it later",ham,0
He needs to stop going to bed and make with the fucking dealing,ham,0
"True. It is passable. And if you get a high score and apply for phd, you get 5years of salary. So it makes life easier.",ham,0
"Hi this is Amy, we will be sending you a free phone number in a couple of days, which will give you an access to all the adult parties...",spam,1
S:-)if we have one good partnership going we will take lead:),ham,0
Hi babe its me thanks for coming even though it didnt go that well!i just wanted my bed! Hope to see you soon love and kisses xxx,ham,0
"It‘s £6 to get in, is that ok?",ham,0
East coast,ham,0
Compliments to you. Was away from the system. How your side.,ham,0
Just forced myself to eat a slice. I'm really not hungry tho. This sucks. Mark is getting worried. He knows I'm sick when I turn down pizza. Lol,ham,0
In which place i can get rooms cheap:-),ham,0
"Abeg, make profit. But its a start. Are you using it to get sponsors for the next event?",ham,0
"Sorry, I'll call later",ham,0
Eh den sat u book e kb liao huh...,ham,0
I'm in a movie. Call me 4 wat?,ham,0
Anything lar then ü not going home 4 dinner?,ham,0
Dunno cos i was v late n when i reach they inside already... But we ate spageddies lor... It's e gals who r laughing at me lor...,ham,0
Okay name ur price as long as its legal! Wen can I pick them up? Y u ave x ams xx,ham,0
:( but your not here....,ham,0
You have 1 new message. Please call 08712400200.,spam,1
Just finished. Missing you plenty,ham,0
Erm. I thought the contract ran out the4th of october.,ham,0
I dunno they close oredi not... Ü v ma fan...,ham,0
Guess who spent all last night phasing in and out of the fourth dimension,ham,0
Sorry da:)i was thought of calling you lot of times:)lil busy.i will call you at noon..,ham,0
Santa Calling! Would your little ones like a call from Santa Xmas eve? Call 09058094583 to book your time.,spam,1
Just sent it. So what type of food do you like?,ham,0
Re your call; You didn't see my facebook huh?,ham,0
You will be in the place of that man,ham,0
Guess what! Somebody you know secretly fancies you! Wanna find out who it is? Give us a call on 09065394973 from Landline DATEBox1282EssexCM61XN 150p/min 18,spam,1
Don't necessarily expect it to be done before you get back though because I'm just now headin out,ham,0
Ok... Sweet dreams...,ham,0
Yo chad which gymnastics class do you wanna take? The site says Christians class is full..,ham,0
"accordingly. I repeat, just text the word ok on your mobile phone and send",spam,1
"XXXMobileMovieClub: To use your credit, click the WAP link in the next txt message or click here>> http://wap. xxxmobilemovieclub.com?n=QJKGIGHJJGCBL",spam,1
Captain vijaykanth is doing comedy in captain tv..he is drunken :),ham,0
"Sir, waiting for your letter.",ham,0
I havent lei.. Next mon can?,ham,0
Have you emigrated or something? Ok maybe 5.30 was a bit hopeful...,ham,0
U guys never invite me anywhere :(,ham,0
Mmm so yummy babe ... Nice jolt to the suzy,ham,0
Aiyah sorry lor... I watch tv watch until i forgot 2 check my phone.,ham,0
Not thought bout it... || Drink in tap & spile at seven. || Is that pub on gas st off broad st by canal. || Ok?,ham,0
 gonna let me know cos comes bak from holiday that day.  is coming. Don't4get2text me  number. ,ham,0
Do ü noe if ben is going?,ham,0
Gibbs unsold.mike hussey,ham,0
ZOE IT JUST HIT ME 2 IM FUCKING SHITIN MYSELF IL DEFO TRY MY HARDEST 2 CUM 2MOROW LUV U MILLIONS LEKDOG,ham,0
"Hi hope u r both ok, he said he would text and he hasn't, have u seen him, let me down gently please ",ham,0
That would be great. We'll be at the Guild. Could meet on Bristol road or somewhere - will get in touch over weekend. Our plans take flight! Have a good week,ham,0
I'll be at mu in like  &lt;#&gt;  seconds,ham,0
Honestly i've just made a lovely cup of tea and promptly dropped my keys in it and then burnt my fingers getting them out!,ham,0
"Just so that you know,yetunde hasn't sent money yet. I just sent her a text not to bother sending. So its over, you dont have to involve yourself in anything. I shouldn't have imposed anything on you in the first place so for that, i apologise.",ham,0
"I'm outside islands, head towards hard rock and you'll run into me",ham,0
Huh so fast... Dat means u havent finished painting?,ham,0
"Goodmorning, today i am late for 2hrs. Because of back pain.",ham,0
Have you heard about that job? I'm going to that wildlife talk again tonight if u want2come. Its that2worzels and a wizzle or whatever it is?! ,ham,0
No we sell it all so we'll have tons if coins. Then sell our coins to someone thru paypal. Voila! Money back in life pockets:),ham,0
But pls dont play in others life.,ham,0
"How are you, my Love ? Are you with your brother ? Time to talk english with him ? *grins* Say : Hey Muhommad, Penny says hello from across the sea",ham,0
I sent you  &lt;#&gt;  bucks,ham,0
"Are you being good, baby? :)",ham,0
We're finally ready fyi,ham,0
How did you find out in a way that didn't include all of these details,ham,0
So what about you. What do you remember,ham,0
Ok.ok ok..then..whats ur todays plan,ham,0
"Gumby's has a special where a  &lt;#&gt; "" cheese pizza is $2 so I know what we're doin tonight",ham,0
"Rose for red,red for blood,blood for heart,heart for u. But u for me.... Send tis to all ur friends.. Including me.. If u like me.. If u get back, 1-u r poor in relation! 2-u need some 1 to support 3-u r frnd 2 many 4-some1 luvs u 5+- some1 is praying god to marry u.:-) try it....",ham,0
"Get 3 Lions England tone, reply lionm 4 mono or lionp 4 poly. 4 more go 2 www.ringtones.co.uk, the original n best. Tones 3GBP network operator rates apply",spam,1
What's up my own oga. Left my phone at home and just saw ur messages. Hope you are good. Have a great weekend.,ham,0
"Hello, my love! How goes that day ? I wish your well and fine babe and hope that you find some job prospects. I miss you, boytoy ... *a teasing kiss*",ham,0
Happy birthday... May all ur dreams come true...,ham,0
"Carlos is down but I have to pick it up from him, so I'll swing by usf in a little bit",ham,0
"Don't Think About ""What u Have Got"" Think About ""How to Use It That You Have Got"" gooD ni8",ham,0
K:)all the best:)congrats...,ham,0
Pls give her prometazine syrup. 5mls then  &lt;#&gt; mins later feed.,ham,0
Wife.how she knew the time of murder exactly,ham,0
I'm not driving... Raining! Then i'll get caught at e mrt station lor.,ham,0
Had your mobile 11mths ? Update for FREE to Oranges latest colour camera mobiles & unlimited weekend calls. Call Mobile Upd8 on freefone 08000839402 or 2StopTxt,spam,1
Where you. What happen,ham,0
"Wow. I never realized that you were so embarassed by your accomodations. I thought you liked it, since i was doing the best i could and you always seemed so happy about ""the cave"". I'm sorry I didn't and don't have more to give. I'm sorry i offered. I'm sorry your room was so embarassing.",ham,0
Excellent! Are you ready to moan and scream in ecstasy?,ham,0
K..k..any special today?,ham,0
"Hi Jon, Pete here, Ive bin 2 Spain recently & hav sum dinero left, Bill said u or ur rents mayb interested in it, I hav 12,000pes, so around £48, tb, James.",ham,0
K.k.this month kotees birthday know?,ham,0
Ha! I wouldn't say that I just didn't read anything into way u seemed. I don't like 2 be judgemental....i save that for fridays in the pub!,ham,0
Cashbin.co.uk (Get lots of cash this weekend!) www.cashbin.co.uk Dear Welcome to the weekend We have got our biggest and best EVER cash give away!! These..,spam,1
"Sez, hows u & de arab boy? Hope u r all good give my love 2 evry1 love ya eshxxxxxxxxxxx",ham,0
FREE UNLIMITED HARDCORE PORN direct 2 your mobile Txt PORN to 69200 & get FREE access for 24 hrs then chrgd@50p per day txt Stop 2exit. This msg is free,spam,1
O shore are you takin the bus,ham,0
"Ever green quote ever told by Jerry in cartoon ""A Person Who Irritates u Always Is the one Who Loves u Vry Much But Fails to Express It...!..!! :-) :-) gud nyt",ham,0
Too late. I said i have the website. I didn't i have or dont have the slippers,ham,0
"Tell you what, if you make a little spreadsheet and track whose idea it was to smoke to determine who ""smokes too much"" for the entire month of february, I'll come up",ham,0
Yup song bro. No creative. Neva test quality. He said check review online.,ham,0
"Good afternoon, my love! How goes that day ? I hope maybe you got some leads on a job. I think of you, boytoy and send you a passionate kiss from across the sea",ham,0
"Life is nothing wen v get everything. But ""life is everything wen v miss something "". Real value of people wil be realized only in their absence.... gud mrng",ham,0
Huh but i cant go 2 ur house empty handed right?,ham,0
"Sorry,in meeting I'll call later",ham,0
i cant talk to you now.i will call when i can.dont keep calling.,ham,0
Why did I wake up on my own &gt;:(,ham,0
"URGENT. Important information for 02 user. Today is your lucky day! 2 find out why , log onto http://www.urawinner.com there is a fantastic surprise awaiting you !",spam,1
I got it before the new year cos yetunde said she wanted to surprise you with it but when i didnt see money i returned it mid january before the  &lt;#&gt; day return period ended.,ham,0
Bored housewives! Chat n date now! 0871750.77.11! BT-national rate 10p/min only from landlines!,spam,1
Its worse if if uses half way then stops. Its better for him to complete it.,ham,0
Yes i think so. I am in office but my lap is in room i think thats on for the last few days. I didnt shut that down,ham,0
Ooooooh I forgot to tell u I can get on yoville on my phone,ham,0
Ü eatin later but i'm eatin wif my frens now lei... Ü going home first? ,ham,0
No you'll just get a headache trying to figure it out. U can trust me to do the math. I promise. O:-),ham,0
I will reach office around  &lt;DECIMAL&gt; . &amp; my mobile have problem. You cann't get my voice. So call you asa i'll free,ham,0
"Cool breeze... Bright sun... Fresh flower... Twittering birds... All these waiting to wish u: ""GOODMORNING &amp; HAVE A NICE DAY"" :)",ham,0
Am in gobi arts college,ham,0
Do u konw waht is rael FRIENDSHIP Im gving yuo an exmpel: Jsut ese tihs msg.. Evrey splleing of tihs msg is wrnog.. Bt sitll yuo can raed it wihtuot ayn mitsake.. GOODNIGHT &amp; HAVE A NICE SLEEP..SWEET DREAMS..,ham,0
How are you. Just checking up on you,ham,0
URGENT! We are trying to contact U. Todays draw shows that you have won a £800 prize GUARANTEED. Call 09050003091 from land line. Claim C52. Valid12hrs only,spam,1
Was it something u ate?,ham,0
Miles and smiles r made frm same letters but do u know d difference..? smile on ur face keeps me happy even though I am miles away from u.. :-)keep smiling.. Good nyt,ham,0
U attend ur driving lesson how many times a wk n which day?,ham,0
Enjoy ur life. . Good night,ham,0
"Its ok chikku, and its my 1 of favourite song..:-)",ham,0
"YOU VE WON! Your 4* Costa Del Sol Holiday or £5000 await collection. Call 09050090044 Now toClaim. SAE, TC s, POBox334, Stockport, SK38xh, Cost£1.50/pm, Max10mins",spam,1
"U can WIN £100 of Music Gift Vouchers every week starting NOW Txt the word DRAW to 87066 TsCs www.ldew.com SkillGame,1Winaweek, age16.150ppermessSubscription",spam,1
Good Morning plz call me sir,ham,0
"Why is that, princess? I bet the brothas are all chasing you!",ham,0
I was up all night too worrying about this appt. It's a shame we missed a girls night out with quizzes popcorn and you doing my hair.,ham,0
Cool. So how come you havent been wined and dined before?,ham,0
I take it the post has come then! You must have 1000s of texts now! Happy reading. My one from wiv hello caroline at the end is my favourite. Bless him,ham,0
No chikku nt yet.. Ya i'm free,ham,0
Lol yes. But it will add some spice to your day.,ham,0
"New Theory: Argument wins d SITUATION, but loses the PERSON. So dont argue with ur friends just.. . . . kick them &amp; say, I'm always correct.!",ham,0
What time. I‘m out until prob 3 or so,ham,0
What do u want when i come back?.a beautiful necklace as a token of my heart for you.thats what i will give but ONLY to MY WIFE OF MY LIKING.BE THAT AND SEE..NO ONE can give you that.dont call me.i will wait till i come.,ham,0
This pen thing is beyond a joke. Wont a Biro do? Don't do a masters as can't do this ever again! ,ham,0
Today is ACCEPT DAY..U Accept me as? Brother Sister Lover Dear1 Best1 Clos1 Lvblefrnd Jstfrnd Cutefrnd Lifpartnr Belovd Swtheart Bstfrnd No rply means enemy,ham,0
"Living is very simple.. Loving is also simple.. Laughing is too simple.. Winning is tooo simple.. But, Being 'SIMPLE' is very difficult...;-) :-)",ham,0
Lol yeah at this point I guess not,ham,0
You are a winner you have been specially selected to receive £1000 cash or a £2000 award. Speak to a live operator to claim call 087123002209am-7pm. Cost 10p,spam,1
I love you both too :-),ham,0
No other Valentines huh? The proof is on your fb page. Ugh I'm so glad I really DIDN'T watch your rupaul show you TOOL!,ham,0
WHEN THE FIRST STRIKE IS A RED ONE. THE BIRD + ANTELOPE BEGIN TOPLAY IN THE FIELDOF SELFINDEPENDENCE BELIEVE THIS + THE FLOWER OF CONTENTION WILL GROW.RANDOM!,ham,0
aathi..where are you dear..,ham,0
Don't fret. I'll buy the ovulation test strips and send them to you. You wont get them til like march. Can you send me your postal address.u'll be alright.Okay.,ham,0
Is that what time you want me to come?,ham,0
Thanx but my birthday is over already.,ham,0
Pass dis to all ur contacts n see wat u get! Red;i'm in luv wid u. Blue;u put a smile on my face. Purple;u r realy hot. Pink;u r so swt. Orange;i thnk i lyk u. Green;i realy wana go out wid u. Yelow;i wnt u bck. Black;i'm jealous of u. Brown;i miss you Nw plz giv me one color,ham,0
She left it very vague. She just said she would inform the person in accounting about the delayed rent and that i should discuss with the housing agency about my renting another place. But checking online now and all places around usc are  &lt;#&gt;  and up,ham,0
Not..tel software name..,ham,0
Moji just informed me that you saved our lives. Thanks.,ham,0
Even u dont get in trouble while convincing..just tel him once or twice and just tel neglect his msgs dont c and read it..just dont reply,ham,0
Ok,ham,0
Gud ni8.swt drms.take care,ham,0
Dear got bus directly to calicut,ham,0
Hello darlin ive finished college now so txt me when u finish if u can love Kate xxx,ham,0
Ok . . now i am in bus. . If i come soon i will come otherwise tomorrow,ham,0
Good Morning plz call me sir,ham,0
Thanks chikku..:-) gud nyt:-*,ham,0
Prabha..i'm soryda..realy..frm heart i'm sory,ham,0
Just woke up. Yeesh its late. But I didn't fall asleep til &lt;#&gt; am :/,ham,0
Oh god..taken the teeth?is it paining,ham,0
I know girls always safe and selfish know i got it pa. Thank you. good night.,ham,0
Take some small dose tablet for fever,ham,0
If u sending her home first it's ok lor. I'm not ready yet.,ham,0
Are there TA jobs available? Let me know please cos i really need to start working,ham,0
No prob. I will send to your email.,ham,0
Ü collecting ur laptop then going to configure da settings izzit?,ham,0
"Usf I guess, might as well take 1 car",ham,0
FREE for 1st week! No1 Nokia tone 4 ur mob every week just txt NOKIA to 8007 Get txting and tell ur mates www.getzed.co.uk POBox 36504 W45WQ norm150p/tone 16+,spam,1
In that case I guess I'll see you at campus lodge,ham,0
"For ur chance to win a £250 cash every wk TXT: ACTION to 80608. T's&C's www.movietrivia.tv custcare 08712405022, 1x150p/wk",spam,1
"Got ur mail Dileep.thank you so muchand look forward to lots of support...very less contacts here,remember one venugopal you mentioned.tomorrow if not late,i shall try to come up till there.goodnight dear.",ham,0
"Good stuff, will do.",ham,0
You all ready for * big day tomorrow?,ham,0
Ugh hopefully the asus ppl dont randomly do a reformat.,ham,0
Good words.... But words may leave u in dismay many times.,ham,0
"Ugh y can't u just apologize, admit u were wrong and ask me to take u back?",ham,0
How dare you change my ring,ham,0
"I'm back, lemme know when you're ready",ham,0
Don know..he is watching film in computer..,ham,0
"Sorry, I'll call you  later. I am in meeting sir.",ham,0
HI BABE IM AT HOME NOW WANNA DO SOMETHING? XX,ham,0
I want to lick your pussy now...,ham,0
Hey so whats the plan this sat? ,ham,0
Oops. 4 got that bit.,ham,0
"Aight, lemme know what's up",ham,0
"So anyways, you can just go to your gym or whatever, my love *smiles* I hope your ok and having a good day babe ... I miss you so much already",ham,0
No..its ful of song lyrics..,ham,0
"Aight, I'll text you when I'm back",ham,0
I just saw ron burgundy captaining a party boat so yeah,ham,0
"Yeah hopefully, if tyler can't do it I could maybe ask around a bit",ham,0
Baaaaabe! I misss youuuuu ! Where are you ? I have to go and teach my class at 5 ...,ham,0
&lt;#&gt; ISH MINUTES WAS 5 MINUTES AGO. WTF.,ham,0
"Yun ah.the ubi one say if ü wan call by tomorrow.call 67441233 look for irene.ere only got bus8,22,65,61,66,382. Ubi cres,ubi tech park.6ph for 1st 5wkg days.èn",ham,0
"* Was a nice day and, impressively, i was sensible, went home early and now feel fine. Or am i just boring?! When's yours, i can't remember.",ham,0
"I prefer my free days... Tues, wed, fri oso can... Ü ask those workin lor...",ham,0
I got to video tape pple type in message lor. U so free wan 2 help me? Hee... Cos i noe u wan 2 watch infernal affairs so ask u along. Asking shuhui oso.,ham,0
We will meet soon princess! Ttyl!,ham,0
Nt yet chikku..simple habba..hw abt u?,ham,0
Depends on where u going lor.,ham,0
Thts god's gift for birds as humans hav some natural gift frm god..,ham,0
Tell rob to mack his gf in the theater,ham,0
"yeah, that's what I was thinking",ham,0
Congrats. That's great. I wanted to tell you not to tell me your score cos it might make me relax. But its motivating me so thanks for sharing,ham,0
Well its not like you actually called someone a punto. That woulda been worse.,ham,0
2/2 146tf150p,spam,1
I want to be inside you every night...,ham,0
All done? All handed in? Celebrations in full swing yet?,ham,0
What * u wearing?,ham,0
You'll not rcv any more msgs from the chat svc. For FREE Hardcore services text GO to: 69988 If u get nothing u must Age Verify with yr network & try again,spam,1
I'll be in sch fr 4-6... I dun haf da book in sch... It's at home...,ham,0
Check wid corect speling i.e. Sarcasm,ham,0
"Hi Chikku, send some nice msgs",ham,0
Wat's my dear doing? Sleeping ah?,ham,0
"1000's flirting NOW! Txt GIRL or BLOKE & ur NAME & AGE, eg GIRL ZOE 18 to 8007 to join and get chatting!",spam,1
LMAO where's your fish memory when I need it?,ham,0
"Cool, text me when you head out",ham,0
Watching ajith film ah?,ham,0
… and don‘t worry we‘ll have finished by march … ish!,ham,0
"Aight that'll work, thanks",ham,0
Aight sorry I take ten years to shower. What's the plan?,ham,0
Well i know Z will take care of me. So no worries.,ham,0
"URGENT! Your Mobile No 07808726822 was awarded a £2,000 Bonus Caller Prize on 02/09/03! This is our 2nd attempt to contact YOU! Call 0871-872-9758 BOX95QU",spam,1
No problem baby. Is this is a good time to talk? I called and left a message.,ham,0
Studying. But i.ll be free next weekend.,ham,0
Thinkin about someone is all good. No drugs for that,ham,0
Ok... But they said i've got wisdom teeth hidden inside n mayb need 2 remove.,ham,0
Uncle Abbey! Happy New Year. Abiola,ham,0
"Mon okie lor... Haha, best is cheap n gd food la, ex oso okie... Depends on whether wana eat western or chinese food... Den which u prefer... ",ham,0
"Sorry man my account's dry or I would, if you want we could trade back half or I could buy some shit with my credit card",ham,0
I have had two more letters from . I will copy them for you cos one has a message for you. Speak soon,ham,0
"Hey...Great deal...Farm tour 9am to 5pm $95/pax, $50 deposit by 16 May",ham,0
Unfortunately i've just found out that we have to pick my sister up from the airport that evening so don't think i'll be going out at all. We should try to go out one of th,ham,0
What not under standing.,ham,0
En chikku nange bakra msg kalstiya..then had tea/coffee?,ham,0
Wait 2 min..stand at bus stop,ham,0
Yeah whatever lol,ham,0
"For ur chance to win a £250 wkly shopping spree TXT: SHOP to 80878. T's&C's www.txt-2-shop.com custcare 08715705022, 1x150p/wk",spam,1
Lol they don't know about my awesome phone. I could click delete right now if I want.,ham,0
how tall are you princess?,ham,0
"Sorry light turned green, I meant another friend wanted  &lt;#&gt;  worth but he may not be around",ham,0
Is fujitsu s series lifebook good?,ham,0
Hi di is yijue we're meeting at 7 pm at esaplanade tonight.,ham,0
Have a good evening! Ttyl,ham,0
U 447801259231 have a secret admirer who is looking 2 make contact with U-find out who they R*reveal who thinks UR so special-call on 09058094597,spam,1
Hey i will be really pretty late... You want to go for the lesson first? I will join you. I'm only reaching tp mrt,ham,0
No go. No openings for that room 'til after thanksgiving without an upcharge.,ham,0
Lil fever:) now fine:),ham,0
URGENT! We are trying to contact you. Last weekends draw shows that you have won a £900 prize GUARANTEED. Call 09061701851. Claim code K61. Valid 12hours only,spam,1
We'll join the  &lt;#&gt;  bus,ham,0
"Haha yeah I see that now, be there in a sec",ham,0
I'm in class. Did you get my text.,ham,0
I love you. You set my soul on fire. It is not just a spark. But it is a flame. A big rawring flame. XoXo,ham,0
"Hmmm ... And imagine after you've come home from that having to rub my feet, make me dinner and help me get ready for my date ! Are you sure your ready for that kind of life ?",ham,0
Esplanade lor. Where else...,ham,0
Wat uniform? In where get?,ham,0
Is ur paper in e morn or aft tmr?,ham,0
"Doing nothing, then u not having dinner w us?",ham,0
Becoz its  &lt;#&gt;  jan whn al the post ofice is in holiday so she cn go fr the post ofice...got it duffer,ham,0
"My fri ah... Okie lor,goin 4 my drivin den go shoppin after tt...",ham,0
Today my system sh get ready.all is well and i am also in the deep well,ham,0
When u wana see it then,ham,0
Shb b ok lor... Thanx...,ham,0
Wife.how she knew the time of murder exactly,ham,0
Id have to check but there's only like 1 bowls worth left,ham,0
K.then any other special?,ham,0
"Nope, I'm still in the market",ham,0
Someone U know has asked our dating service 2 contact you! Cant Guess who? CALL 09058091854 NOW all will be revealed. PO BOX385 M6 6WU,spam,1
Okie,ham,0
"WELL DONE! Your 4* Costa Del Sol Holiday or £5000 await collection. Call 09050090044 Now toClaim. SAE, TCs, POBox334, Stockport, SK38xh, Cost£1.50/pm, Max10mins",spam,1
"Ditto. And you won't have to worry about me saying ANYTHING to you anymore. Like i said last night, you do whatever you want and i'll do the same. Peace.",ham,0
"Finally it has happened..! Aftr decades..! BEER is now cheaper than PETROL! The goverment expects us to ""DRINK"". . . But don't ""DRIVE """,ham,0
As a Registered Subscriber yr draw 4 a £100 gift voucher will b entered on receipt of a correct ans. When are the next olympics. Txt ans to 80062,spam,1
"If you want to mapquest it or something look up ""usf dogwood drive"", that's the tiny street where the parking lot is",ham,0
"No idea, I guess we'll work that out an hour after we're supposed to leave since as usual nobody has any interest in figuring shit out before the last second",ham,0
"Can you pls pls send me a mail on all you know about relatives coming to deliver here? All you know about costs, risks, benefits and anything else. Thanks.",ham,0
Have a safe trip to Nigeria. Wish you happiness and very soon company to share moments with,ham,0
The Xmas story is peace.. The Xmas msg is love.. The Xmas miracle is jesus.. Hav a blessed month ahead &amp; wish U Merry Xmas...,ham,0
Left dessert. U wan me 2 go suntec look 4 u?,ham,0
"Hello, my love. What are you doing? Did you get to that interview today? Are you you happy? Are you being a good boy? Do you think of me?Are you missing me ?",ham,0
"Love isn't a decision, it's a feeling. If we could decide who to love, then, life would be much simpler, but then less magical",ham,0
"If e timing can, then i go w u lor...",ham,0
Or remind me in a few hrs.,ham,0
Promotion Number: 8714714 - UR awarded a City Break and could WIN a £200 Summer Shopping spree every WK. Txt STORE to 88039 . SkilGme. TsCs087147403231Winawk!Age16 £1.50perWKsub,spam,1
Dear Subscriber ur draw 4 £100 gift voucher will b entered on receipt of a correct ans. When was Elvis Presleys Birthday? TXT answer to 80062,spam,1
**FREE MESSAGE**Thanks for using the Auction Subscription Service. 18 . 150p/MSGRCVD 2 Skip an Auction txt OUT. 2 Unsubscribe txt STOP CustomerCare 08718726270,spam,1
Ok.ok ok..then..whats ur todays plan,ham,0
Im on gloucesterroad what are uup to later?,ham,0
Ever thought about living a good life with a perfect partner? Just txt back NAME and AGE to join the mobile community. (100p/SMS),spam,1
Can not use foreign stamps in this country.,ham,0
"Just dropped em off, omw back now",ham,0
Double Mins & Double Txt & 1/2 price Linerental on Latest Orange Bluetooth mobiles. Call MobileUpd8 for the very latest offers. 08000839402 or call2optout/LF56,spam,1
You call him and tell now infront of them. Call him now.,ham,0
Oh ok.. Wat's ur email?,ham,0
Hey! There's veggie pizza... :/,ham,0
You have WON a guaranteed £1000 cash or a £2000 prize. To claim yr prize call our customer service representative on 08714712412 between 10am-7pm Cost 10p,spam,1
I've told him that i've returned it. That should i re order it.,ham,0
I dunno until when... Lets go learn pilates...,ham,0
"aight we can pick some up, you open before tonight?",ham,0
"Oh yes, why is it like torture watching england?",ham,0
Sad story of a Man - Last week was my b'day. My Wife did'nt wish me. My Parents forgot n so did my Kids . I went to work. Even my Colleagues did not wish.,ham,0
I send the print  outs da.,ham,0
Kent vale lor... Ü wait 4 me there ar?,ham,0
XMAS Prize draws! We are trying to contact U. Todays draw shows that you have won a £2000 prize GUARANTEED. Call 09058094565 from land line. Valid 12hrs only,spam,1
I am in escape theatre now. . Going to watch KAVALAN in a few minutes,ham,0
Sorry i cant take your call right now. It so happens that there r 2waxsto do wat you want. She can come and ill get her medical insurance. And she'll be able to deliver and have basic care. I'm currently shopping for the right medical insurance for her. So just give me til friday morning. Thats when i.ll see the major person that can guide me to the right insurance.,ham,0
Dear U've been invited to XCHAT. This is our final attempt to contact u! Txt CHAT to 86688,spam,1
Oh baby of the house. How come you dont have any new pictures on facebook,ham,0
Where are you lover ? I need you ...,ham,0
I liked the new mobile,ham,0
But i dint slept in afternoon.,ham,0
My drive can only be read. I need to write,ham,0
"1) Go to write msg 2) Put on Dictionary mode 3)Cover the screen with hand, 4)Press  &lt;#&gt; . 5)Gently remove Ur hand.. Its interesting..:)",ham,0
Yavnt tried yet and never played original either,ham,0
Hi its in durban are you still on this number,ham,0
Hey loverboy! I love you !! I had to tell ... I look at your picture and ache to feel you between my legs ... Fuck I want you ... I need you ... I crave you .,ham,0
Sorry i din lock my keypad.,ham,0
"Er, hello, things didn‘t quite go to plan – is limping slowly home followed by aa and with exhaust hanging off",ham,0
"Hey. What happened? U switch off ur cell d whole day. This isnt good. Now if u do care, give me a call tomorrow.",ham,0
Hi Princess! Thank you for the pics. You are very pretty. How are you?,ham,0
"Sir, I need AXIS BANK account no and bank address.",ham,0
"I get out of class in bsn in like  &lt;#&gt;  minutes, you know where advising is?",ham,0
Sry da..jst nw only i came to home..,ham,0
I'm in school now n i'll be in da lab doing some stuff give me a call when ü r done.,ham,0
Shopping? Eh ger i toking abt syd leh...Haha,ham,0
Ok lor. I'm in town now lei.,ham,0
"Babe, I'm answering you, can't you see me ? Maybe you'd better reboot YM ... I got the photo ... It's great !",ham,0
You should know now. So how's anthony. Are you bringing money. I've school fees to pay and rent and stuff like that. Thats why i need your help. A friend in need....|,ham,0
"Thanks again for your reply today. When is ur visa coming in. And r u still buying the gucci and bags. My sister things are not easy, uncle john also has his own bills so i really need to think about how to make my own money. Later sha.",ham,0
"whatever, im pretty pissed off.",ham,0
Stop knowing me so well!,ham,0
But am going to college pa. What to do. are else ill come there it self. Pa.,ham,0
Xy trying smth now. U eat already? We havent...,ham,0
No just send to you. Bec you in temple na.,ham,0
"Party's at my place at usf, no charge (but if you can contribute in any way it is greatly appreciated) and yeah, we got room for one more",ham,0
Come to medical college at 7pm ......forward it da,ham,0
Are you free now?can i call now?,ham,0
"Fantasy Football is back on your TV. Go to Sky Gamestar on Sky Active and play £250k Dream Team. Scoring starts on Saturday, so register now!SKY OPT OUT to 88088",spam,1
That's good. Lets thank God. Please complete the drug. Have lots of water. And have a beautiful day.,ham,0
You have got tallent but you are wasting.,ham,0
I havent add ü yet right.. ,ham,0
"Haha good to hear, I'm officially paid and on the market for an 8th",ham,0
And of course you should make a stink!,ham,0
Hi.what you think about match?,ham,0
You bad girl. I can still remember them,ham,0
Ya it came a while ago,ham,0
If i start sending blackberry torch to nigeria will you find buyer for me?like 4a month. And tell dad not to buy bb from anyone oh.,ham,0
Gimme a few was  &lt;#&gt;  minutes ago,ham,0
"England v Macedonia - dont miss the goals/team news. Txt ur national team to 87077 eg ENGLAND to 87077 Try:WALES, SCOTLAND 4txt/ú1.20 POBOXox36504W45WQ 16+",spam,1
Yes... I trust u to buy new stuff ASAP so I can try it out,ham,0
Lol no. Just trying to make your day a little more interesting,ham,0
Well good morning mr . Hows london treatin' ya treacle?,ham,0
"Haha awesome, be there in a minute",ham,0
No da. I am happy that we sit together na,ham,0
Rofl. Its true to its name,ham,0
Ur ringtone service has changed! 25 Free credits! Go to club4mobiles.com to choose content now! Stop? txt CLUB STOP to 87070. 150p/wk Club4 PO Box1146 MK45 2WT,spam,1
18 days to Euro2004 kickoff! U will be kept informed of all the latest news and results daily. Unsubscribe send GET EURO STOP to 83222.,spam,1
Meet after lunch la...,ham,0
Weightloss! No more girl friends. Make loads of money on ebay or something. And give thanks to God.,ham,0
I've been barred from all B and Q stores for life!?This twat in orange dungerees came up to me and asked if I wanted decking? So I got the first punch in!!,ham,0
What time you thinkin of goin?,ham,0
Yup... Ok i go home look at the timings then i msg ü again... Xuhui going to learn on 2nd may too but her lesson is at 8am,ham,0
Sent me ur email id soon,ham,0
K k pa Had your lunch aha.,ham,0
"Whats that coming over the hill..... Is it a monster! Hope you have a great day. Things r going fine here, busy though! ",ham,0
How much it will cost approx . Per month.,ham,0
I can ask around but there's not a lot in terms of mids up here,ham,0
How. Its a little difficult but its a simple way to enter this place,ham,0
Your opinion about me? 1. Over 2. Jada 3. Kusruthi 4. Lovable 5. Silent 6. Spl character 7. Not matured 8. Stylish 9. Simple Pls reply..,ham,0
PRIVATE! Your 2003 Account Statement for 07753741225 shows 800 un-redeemed S. I. M. points. Call 08715203677 Identifier Code: 42478 Expires 24/10/04,spam,1
You call times job today ok umma and ask them to speed up,ham,0
Then. You are eldest know.,ham,0
"Aiyo... Her lesson so early... I'm still sleepin, haha... Okie, u go home liao den confirm w me lor...",ham,0
Yup...,ham,0
Those cocksuckers. If it makes you feel better ipads are worthless garbage novelty items and you should feel bad for even wanting one,ham,0
Your dad is back in ph?,ham,0
"Goodmorning, Today i am late for  &lt;#&gt; min.",ham,0
I love to wine and dine my lady!,ham,0
Are you going to wipro interview today?,ham,0
How was txting and driving,ham,0
I can't describe how lucky you are that I'm actually awake by noon,ham,0
Sunshine Quiz Wkly Q! Win a top Sony DVD player if u know which country the Algarve is in? Txt ansr to 82277. £1.50 SP:Tyrone,spam,1
I think its far more than that but find out. Check google maps for a place from your dorm.,ham,0
Hi. Happy New Year. I dont mean to intrude but can you pls let me know how much tuition you paid last semester and how much this semester is. Thanks,ham,0
You getting back any time soon?,ham,0
Ard 4 lor...,ham,0
Todays Vodafone numbers ending with 4882 are selected to a receive a £350 award. If your number matches call 09064019014 to receive your £350 award.,spam,1
I wonder if you'll get this text?,ham,0
All will come alive.better correct any good looking figure there itself..,ham,0
Smile in Pleasure Smile in Pain Smile when trouble pours like Rain Smile when sum1 Hurts U Smile becoz SOMEONE still Loves to see u Smiling!!,ham,0
Which is weird because I know I had it at one point,ham,0
"Theoretically yeah, he could be able to come",ham,0
My superior telling that friday is leave for all other department except ours:)so it will be leave for you:)any way call waheed fathima hr and conform it:),ham,0
Lmao. Take a pic and send it to me.,ham,0
"Better than bb. If he wont use it, his wife will or them doctor",ham,0
I've been searching for the right words to thank you for this breather. I promise i wont take your help for granted and will fulfil my promise. You have been wonderful and a blessing at all times.,ham,0
"Solve d Case : A Man Was Found Murdered On  &lt;DECIMAL&gt; . &lt;#&gt;  AfterNoon. 1,His wife called Police. 2,Police questioned everyone. 3,Wife: Sir,I was sleeping, when the murder took place. 4.Cook: I was cooking. 5.Gardener: I was picking vegetables. 6.House-Maid: I went 2 d post office. 7.Children: We went 2 play. 8.Neighbour: We went 2 a marriage. Police arrested d murderer Immediately. Who's It? Reply With Reason, If U r Brilliant.",ham,0
Hi dude hw r u da realy mising u today,ham,0
Hey i've booked the 2 lessons on sun liao...,ham,0
"Fair enough, anything going on?",ham,0
I will once i get home,ham,0
I think i am disturbing her da,ham,0
Just wanted to say holy shit you guys weren't kidding about this bud,ham,0
K tell me anything about you.,ham,0
I tot u outside cos darren say u come shopping. Of course we nice wat. We jus went sim lim look at mp3 player.,ham,0
"Good morning, my boytoy! How's those yummy lips ? Where's my sexy buns now ? What do you do ? Do you think of me ? Do you crave me ? Do you need me ?",ham,0
"The LAY MAN! Just to let you know you are missed and thought off. Do have a great day. And if you can send me bimbo and ugo's numbers, ill appreciate. Safe",ham,0
Send his number and give reply tomorrow morning for why you said that to him like that ok,ham,0
PRIVATE! Your 2003 Account Statement for 07808247860 shows 800 un-redeemed S. I. M. points. Call 08719899229 Identifier Code: 40411 Expires 06/11/04,spam,1
"[…] anyway, many good evenings to u! s",ham,0
Hai dear friends... This is my new &amp; present number..:) By Rajitha Raj (Ranju),ham,0
Anyway seriously hit me up when you're back because otherwise I have to light up with armand and he always has shit and/or is vomiting,ham,0
Nice.nice.how is it working?,ham,0
Huh i cant thk of more oredi how many pages do we have?,ham,0
Sorry sent blank msg again. Yup but trying 2 do some serious studying now.,ham,0
Ok. I asked for money how far,ham,0
He didn't see his shadow. We get an early spring yay,ham,0
I think i've fixed it can you send a test message?,ham,0
HELLO U.CALL WEN U FINISH WRK.I FANCY MEETIN UP WIV U ALL TONITE AS I NEED A BREAK FROM DABOOKS. DID 4 HRS LAST NITE+2 TODAY OF WRK!,ham,0
Someone U know has asked our dating service 2 contact you! Cant Guess who? CALL 09058091854 NOW all will be revealed. PO BOX385 M6 6WU,spam,1
I love to cuddle! I want to hold you in my strong arms right now...,ham,0
Thank you baby! I cant wait to taste the real thing...,ham,0
"Sir, hope your day is going smoothly. i really hoped i wont have to bother you about this. I have some bills that i can't settle this month. I am out of all extra cash. I know this is a challenging time for you also but i have to let you know.",ham,0
Umma. Did she say anything,ham,0
Leave it wif me lar... Ü wan to carry meh so heavy... Is da num 98321561 familiar to ü?,ham,0
In which place do you want da.,ham,0
important information 4 orange user 0789xxxxxxx. today is your lucky day!2find out why log onto http://www.urawinner.com THERE'S A FANTASTIC SURPRISE AWAITING YOU!,spam,1
Where's my boytoy? I miss you ... What happened?,ham,0
Wish i were with you now!,ham,0
Am not interested to do like that.,ham,0
Don no da:)whats you plan?,ham,0
I will cme i want to go to hos 2morow. After that i wil cme. This what i got from her dear what to do. She didnt say any time,ham,0
You have 1 new voicemail. Please call 08719181513.,spam,1
"Yes, princess. Are you going to make me moan?",ham,0
"Wishing you and your family Merry ""X"" mas and HAPPY NEW Year in advance..",ham,0
Hi darlin im on helens fone im gonna b up the princes 2 nite please come up tb love Kate,ham,0
"FRAN I DECIDED 2 GO N E WAY IM COMPLETELY BROKE AN KNACKERED I GOT UP BOUT 3 C U 2MRW LOVE JANX P.S THIS IS MY DADS FONE, -NO CREDIT",ham,0
I luv u soo much u dont understand how special u r 2 me ring u 2morrow luv u xxx,ham,0
"What's up bruv, hope you had a great break. Do have a rewarding semester.",ham,0
Good Morning plz call me sir,ham,0
There are many company. Tell me the language.,ham,0
I thk u dun haf 2 hint in e forum already lor... Cos i told ron n darren is going 2 tell shuhui.,ham,0
Infact happy new year. How are you where are you when are we seeing,ham,0
Doing my masters. When will you buy a bb cos i have for sale and how's bf,ham,0
As a registered optin subscriber ur draw 4 £100 gift voucher will be entered on receipt of a correct ans to 80062 Whats No1 in the BBC charts,spam,1
When did i use soc... I use it only at home... Ü dunno how 2 type it in word ar...,ham,0
"Aight, call me once you're close",ham,0
"Did you say bold, then torch later. Or one torch and 2bold?",ham,0
We don call like  &lt;#&gt;  times oh. No give us hypertension oh.,ham,0
I am not sure about night menu. . . I know only about noon menu,ham,0
Wishing you a wonderful week.,ham,0
If you hear a loud scream in about &lt;#&gt; minutes its cause my Gyno will be shoving things up me that don't belong :/,ham,0
Will you be here for food,ham,0
Hui xin is in da lib.,ham,0
After completed degree. There is no use in joining finance.,ham,0
I know! Grumpy old people. My mom was like you better not be lying. Then again I am always the one to play jokes...,ham,0
"You are being contacted by our dating service by someone you know! To find out who it is, call from a land line 09050000878. PoBox45W2TG150P",spam,1
Hope ur head doesn't hurt 2 much ! Am ploughing my way through a pile of ironing ! Staying in with a chinky tonight come round if you like.,ham,0
HEY DAS COOL... IKNOW ALL 2 WELLDA PERIL OF STUDENTFINANCIAL CRISIS!SPK 2 U L8R.,ham,0
Ur cash-balance is currently 500 pounds - to maximize ur cash-in now send GO to 86688 only 150p/msg. CC: 08718720201 PO BOX 114/14 TCR/W1,spam,1
Me too! Have a lovely night xxx,ham,0
"Welcome to Select, an O2 service with added benefits. You can now call our specially trained advisors FREE from your mobile by dialling 402.",spam,1
Ok thanx... Take care then...,ham,0
Oh that was a forwarded message. I thought you send that to me,ham,0
"Your free ringtone is waiting to be collected. Simply text the password ""MIX"" to 85069 to verify. Get Usher and Britney. FML, PO Box 5249, MK17 92H. 450Ppw 16",spam,1
Okey dokey swashbuckling stuff what oh.,ham,0
Todays Voda numbers ending 5226 are selected to receive a ?350 award. If you hava a match please call 08712300220 quoting claim code 1131 standard rates app ,spam,1
"no, i *didn't* mean to post it. I wrote it, and like so many other times i've ritten stuff to you, i let it sit there. it WAS what i was feeling at the time. I was angry. Before i left, i hit send, then stop. It wasn't there. I checked on my phone when i got to my car. It wasn't there. You said you didn't sleep, you were bored. So why wouldn't THAT be the time to clean, fold laundry, etc.? At least make the bed?",ham,0
Are you still getting the goods.,ham,0
Both :) i shoot big loads so get ready!,ham,0
Do u konw waht is rael FRIENDSHIP Im gving yuo an exmpel: Jsut ese tihs msg.. Evrey splleing of tihs msg is wrnog.. Bt sitll yuo can raed it wihtuot ayn mitsake.. GOODNIGHT &amp; HAVE A NICE SLEEP..SWEET DREAMS..,ham,0
Ü got wat to buy tell us then ü no need to come in again.,ham,0
"Think ur smart ? Win £200 this week in our weekly quiz, text PLAY to 85222 now!T&Cs WinnersClub PO BOX 84, M26 3UZ. 16+. GBP1.50/week",spam,1
Howz pain?hope u r fine..,ham,0
"Dad wanted to talk about the apartment so I got a late start, omw now",ham,0
"Urgent -call 09066649731from Landline. Your complimentary 4* Ibiza Holiday or £10,000 cash await collection SAE T&Cs PO BOX 434 SK3 8WP 150ppm 18+",spam,1
Hey hun-onbus goin 2 meet him. He wants 2go out 4a meal but I donyt feel like it cuz have 2 get last bus home!But hes sweet latelyxxx,ham,0
Just trying to figure out when I'm suppose to see a couple different people this week. We said we'd get together but I didn't set dates,ham,0
PS U no ur a grown up now right?,ham,0
Are you the cutest girl in the world or what,ham,0
Hi msg me:)i'm in office..,ham,0
Please call our customer service representative on FREEPHONE 0808 145 4742 between 9am-11pm as you have WON a guaranteed £1000 cash or £5000 prize!,spam,1
"I can't speak, bcaz mobile have problem. I can listen you but you cann't listen my voice. So i calls you later.",ham,0
I.ll post her out l8r. In class,ham,0
Sorry da..today i wont come to play..i have driving clas..,ham,0
How come guoyang go n tell her? Then u told her?,ham,0
Do you like shaking your booty on the dance floor?,ham,0
Oh k k:)but he is not a big hitter.anyway good,ham,0
Yes.. now only saw your message..,ham,0
And several to you sir.,ham,0
Life spend with someone for a lifetime may be meaningless but a few moments spent with someone who really love you means more than life itself..,ham,0
Its posible dnt live in  &lt;#&gt; century cm frwd n thnk different,ham,0
"Its Ur luck to Love someone. Its Ur fortune to Love the one who Loves U. But, its a miracle to Love a person who can't Love anyone except U... Gud nyt...",ham,0
Howz pain.it will come down today.do as i said ystrday.ice and medicine.,ham,0
Guai... Ü shd haf seen him when he's naughty... Ü so free today? Can go jogging...,ham,0
Prakesh is there know.,ham,0
"When people see my msgs, They think Iam addicted to msging... They are wrong, Bcoz They don\'t know that Iam addicted to my sweet Friends..!! BSLVYL",ham,0
U meet other fren dun wan meet me ah... Muz b a guy rite...,ham,0
But i'm really really broke oh. No amount is too small even  &lt;#&gt; ,ham,0
"We know someone who you know that fancies you. Call 09058097218 to find out who. POBox 6, LS15HB 150p",spam,1
Any way where are you and what doing.,ham,0
"Same, I'm at my great aunts anniversary party in tarpon springs",ham,0
"We're all getting worried over here, derek and taylor have already assumed the worst",ham,0
Free tones Hope you enjoyed your new content. text stop to 61610 to unsubscribe. help:08712400602450p Provided by tones2you.co.uk,spam,1
"Congrats 2 mobile 3G Videophones R yours. call 09063458130 now! videochat wid ur mates, play java games, Dload polypH music, noline rentl. bx420. ip4. 5we. 150p",spam,1
"Hi this is yijue, can i meet u at 11 tmr?",ham,0
No no. I will check all rooms befor activities,ham,0
I walked an hour 2 c u! doesnt that show I care y wont u believe im serious?,ham,0
Hi its Kate it was lovely to see you tonight and ill phone you tomorrow. I got to sing and a guy gave me his card! xxx,ham,0
No messages on her phone. I'm holding it now,ham,0
"SMS. ac sun0819 posts HELLO:""You seem cool, wanted to say hi. HI!!!"" Stop? Send STOP to 62468",spam,1
Pls give her the food preferably pap very slowly with loads of sugar. You can take up to an hour to give it. And then some water. Very very slowly.,ham,0
URGENT! We are trying to contact you. Last weekends draw shows that you have won a £900 prize GUARANTEED. Call 09061701939. Claim code S89. Valid 12hrs only,spam,1
Enjoy the jamster videosound gold club with your credits for 2 new videosounds+2 logos+musicnews! get more fun from jamster.co.uk! 16+only Help? call: 09701213186 ,spam,1
I wont do anything de.,ham,0
Your B4U voucher w/c 27/03 is MARSMS. Log onto www.B4Utele.com for discount credit. To opt out reply stop. Customer care call 08717168528,spam,1
"Goodmorning, today i am late for  &lt;DECIMAL&gt; min.",ham,0
"Just arrived, see you in a couple days &lt;3",ham,0
"Guy, no flash me now. If you go call me, call me. How madam. Take care oh.",ham,0
"Yeah, we can probably swing by once my roommate finishes up with his girl",ham,0
So ü pay first lar... Then when is da stock comin...,ham,0
"I jus hope its true that  missin me cos i'm really missin him! You haven't done anything to feel guilty about, yet.",ham,0
"Mmmmm ... I loved waking to your words this morning ! I miss you too, my Love. I hope your day goes well and you are happy. I wait for us to be together again",ham,0
"Oh... I was thkin of goin yogasana at 10 den no nd to go at 3 den can rush to parco 4 nb... Okie lor, u call me when ready...",ham,0
See? I thought it all through,ham,0
Hi here. have birth at on the  to  at 8lb 7oz. Mother and baby doing brilliantly.,ham,0
"My friend, she's studying at warwick, we've planned to go shopping and to concert tmw, but it may be canceled, havn't seen  for ages, yeah we should get together sometime!",ham,0
"Tick, tick, tick .... Where are you ? I could die of loneliness you know ! *pouts* *stomps feet* I need you ...",ham,0
"1) Go to write msg 2) Put on Dictionary mode 3)Cover the screen with hand, 4)Press  &lt;#&gt; . 5)Gently remove Ur hand.. Its interesting..:)",ham,0
"Nah it's straight, if you can just bring bud or drinks or something that's actually a little more useful than straight cash",ham,0
When ü login dat time... Dad fetching ü home now?,ham,0
it's really getting me down just hanging around.,ham,0
I told that am coming on wednesday.,ham,0
"I can make it up there, squeezed  &lt;#&gt;  bucks out of my dad",ham,0
Yep. I do like the pink furniture tho.,ham,0
Yes just finished watching days of our lives. I love it.,ham,0
In fact when do you leave? I think addie goes back to school tues or wed,ham,0
Are you coming to day for class.,ham,0
No screaming means shouting..,ham,0
Lol you won't feel bad when I use her money to take you out to a steak dinner =D,ham,0
"Say this slowly.? GOD,I LOVE YOU &amp; I NEED YOU,CLEAN MY HEART WITH YOUR BLOOD.Send this to Ten special people &amp; u c miracle tomorrow, do it,pls,pls do it...",ham,0
No need lar i go engin? Cos my sis at arts today...,ham,0
"Friendship is not a game to play, It is not a word to say, It doesn\'t start on March and ends on May, It is tomorrow, yesterday, today and e",ham,0
Where wuld I be without my baby? The thought alone mite break me and I dont wanna go crazy but everyboy needs his lady xxxxxxxx,ham,0
Camera - You are awarded a SiPix Digital Camera! call 09061221066 fromm landline. Delivery within 28 days,spam,1
I'm in inside office..still filling forms.don know when they leave me.,ham,0
Sindu got job in birla soft ..,ham,0
"SMS SERVICES. for your inclusive text credits, pls goto www.comuk.net login= ***** unsubscribe with STOP. no extra charge. help:08700469649. PO BOX420. IP4 5WE",spam,1
"Si.como no?!listened2the plaid album-quite gd&the new air1 which is hilarious-also boughtbraindancea comp.ofstuff on aphexs ;abel,u hav2hear it!c u sn xxxx",ham,0
"Loan for any purpose £500 - £75,000. Homeowners + Tenants welcome. Have you been previously refused? We can still help. Call Free 0800 1956669 or text back 'help'",spam,1
"SYMPTOMS when U are in love: ""1.U like listening songs 2.U get stopped where u see the name of your beloved 3.U won't get angry when your",ham,0
"It'll be tough, but I'll do what I have to",ham,0
U say leh... Of course nothing happen lar. Not say v romantic jus a bit only lor. I thk e nite scenery not so nice leh.,ham,0
Or maybe my fat fingers just press all these buttons and it doesn't know what to do.,ham,0
Delhi and chennai still silent.,ham,0
"URGENT!! Your 4* Costa Del Sol Holiday or £5000 await collection. Call 09050090044 Now toClaim. SAE, TC s, POBox334, Stockport, SK38xh, Cost£1.50/pm, Max10mins",spam,1
I surely dont forgot to come:)i will always be in touch in with you:-),ham,0
"Its so common hearin How r u? Wat r u doing? How was ur day? So let me ask u something different. Did u smile today? If not, do it now.... Gud evng.",ham,0
You also didnt get na hi hi hi hi hi,ham,0
Yeah I can still give you a ride,ham,0
Hello boytoy ! Geeee ... I'm missing you today. I like to send you a tm and remind you I'm thinking of you ... And you are loved ... *loving kiss*,ham,0
Boltblue tones for 150p Reply POLY# or MONO# eg POLY3 1. Cha Cha Slide 2. Yeah 3. Slow Jamz 6. Toxic 8. Come With Me or STOP 4 more tones txt MORE,spam,1
Ü neva tell me how i noe... I'm not at home in da aft wat... ,ham,0
Hey what how about your project. Started aha da.,ham,0
Yup... How ü noe leh...,ham,0
Me i'm not workin. Once i get job...,ham,0
I will vote for wherever my heart guides me,ham,0
(You didn't hear it from me),ham,0
Sorry i now then c ur msg... Yar lor so poor thing... But only 4 one night... Tmr u'll have a brand new room 2 sleep in...,ham,0
Was gr8 to see that message. So when r u leaving? Congrats dear. What school and wat r ur plans.,ham,0
"Shop till u Drop, IS IT YOU, either 10K, 5K, £500 Cash or £100 Travel voucher, Call now, 09064011000. NTT PO Box CR01327BT fixedline Cost 150ppm mobile vary",spam,1
Do you always celebrate NY's with your family ?,ham,0
I to am looking forward to all the sex cuddling.. Only two more sleeps ,ham,0
Are you willing to go for aptitude class.,ham,0
I'm vivek:)i got call from your number.,ham,0
Yes. that will be fine. Love you. Be safe.,ham,0
Lol great now im getting hungry.,ham,0
Oh did you charge camera,ham,0
*deep sigh* ... I miss you :-( ... I am really surprised you haven't gone to the net cafe yet to get to me ... Don't you miss me?,ham,0
I ask if u meeting da ge tmr nite...,ham,0
"Neither [in sterm voice] - i'm studying. All fine with me! Not sure the  thing will be resolved, tho. Anyway. Have a fab hols",ham,0
"Awesome, I remember the last time we got somebody high for the first time with diesel :V",ham,0
Babes I think I got ur brolly I left it in English wil bring it in 2mrw 4 u luv Franxx,ham,0
"Well am officially in a philosophical hole, so if u wanna call am at home ready to be saved!",ham,0
Hello- thanx for taking that call. I got a job! Starts on monday!,ham,0
That means from february to april i'll be getting a place to stay down there so i don't have to hustle back and forth during audition season as i have since my sister moved away from harlem.,ham,0
I cant pick the phone right now. Pls send a message,ham,0
Oh you got many responsibilities.,ham,0
"Free Msg: get Gnarls Barkleys ""Crazy"" ringtone TOTALLY FREE just reply GO to this message right now!",spam,1
"It's wylie, you in tampa or sarasota?",ham,0
I wont touch you with out your permission.,ham,0
K... Must book a not huh? so going for yoga basic on sunday?,ham,0
So how's the weather over there?,ham,0
"Geeee ... I miss you already, you know ? Your all I can think about. Fuck, I can't wait till next year when we will be together ... *loving kiss*",ham,0
"Oh... Icic... K lor, den meet other day...",ham,0
I'm gonna say no. Sorry. I would but as normal am starting to panic about time. Sorry again! Are you seeing on Tuesday?,ham,0
I could ask carlos if we could get more if anybody else can chip in,ham,0
For me the love should start with attraction.i should feel that I need her every time around me.she should be the first thing which comes in my thoughts.I would start the day and end it with her.she should be there every time I dream.love will be then when my every breath has her name.my life should happen around her.my life will be named to her.I would cry for her.will give all my happiness and take all her sorrows.I will be ready to fight with anyone for her.I will be in love when I will be doing the craziest things for her.love will be when I don't have to proove anyone that my girl is the most beautiful lady on the whole planet.I will always be singing praises for her.love will be when I start up making chicken curry and end up makiing sambar.life will be the most beautiful then.will get every morning and thank god for the day because she is with me.I would like to say a lot..will tell later..,ham,0
"Good afternoon sexy buns! How goes the job search ? I wake and you are my first thought as always, my love. I wish your fine and happy and know I adore you!",ham,0
So what do you guys do.,ham,0
Ok lor thanx... Ü in school?,ham,0
Yes..he is really great..bhaji told kallis best cricketer after sachin in world:).very tough to get out.,ham,0
Yes..he is really great..bhaji told kallis best cricketer after sachin in world:).very tough to get out.,ham,0
You still at grand prix?,ham,0
We have new local dates in your area - Lots of new people registered in YOUR AREA. Reply DATE to start now! 18 only www.flirtparty.us REPLYS150,spam,1
"Somewhr someone is surely made 4 u. And God has decided a perfect time to make u meet dat person. . . . till den, . . . . . Enjoy ur crushes..!!!;-)",ham,0
If you have belive me. Come to my home.,ham,0
thanks for the temales it was wonderful. Thank. Have a great week.,ham,0
"It doesnt make sense to take it there unless its free. If you need to know more, wikipedia.com",ham,0
R u saying i should re order the slippers cos i had to pay for returning it.,ham,0
I was wondering if it would be okay for you to call uncle john and let him know that things are not the same in nigeria as they r here. That  &lt;#&gt;  dollars is 2years sent and that you know its a strain but i plan to pay back every dime he gives. Every dime so for me to expect anything from you is not practical. Something like that.,ham,0
Anytime...,ham,0
I'm freezing and craving ice. Fml,ham,0
Up to ü... Ü wan come then come lor... But i din c any stripes skirt...,ham,0
HI DARLIN IVE JUST GOT BACK AND I HAD A REALLY NICE NIGHT AND THANKS SO MUCH FOR THE LIFT SEE U TOMORROW XXX,ham,0
"YOU VE WON! Your 4* Costa Del Sol Holiday or £5000 await collection. Call 09050090044 Now toClaim. SAE, TC s, POBox334, Stockport, SK38xh, Cost£1.50/pm, Max10mins",spam,1
Tomarrow final hearing on my laptop case so i cant.,ham,0
That's significant but dont worry.,ham,0
You will recieve your tone within the next 24hrs. For Terms and conditions please see Channel U Teletext Pg 750,spam,1
Dunno y u ask me.,ham,0
Do u knw dis no. &lt;#&gt; ?,ham,0
How to Make a girl Happy? It's not at all difficult to make girls happy. U only need to be... 1. A friend 2. Companion 3. Lover 4. Chef . . .  &lt;#&gt; . Good listener  &lt;#&gt; . Organizer  &lt;#&gt; . Good boyfriend  &lt;#&gt; . Very clean  &lt;#&gt; . Sympathetic  &lt;#&gt; . Athletic  &lt;#&gt; . Warm . . .  &lt;#&gt; . Courageous  &lt;#&gt; . Determined  &lt;#&gt; . True  &lt;#&gt; . Dependable  &lt;#&gt; . Intelligent . . .  &lt;#&gt; . Psychologist  &lt;#&gt; . Pest exterminator  &lt;#&gt; . Psychiatrist  &lt;#&gt; . Healer . .  &lt;#&gt; . Stylist  &lt;#&gt; . Driver . . Aaniye pudunga venaam..,ham,0
You're gonna have to be way more specific than that,ham,0
The battery is for mr adewale my uncle. Aka Egbon,ham,0
What you need. You have a person to give na.,ham,0
Nooooooo I'm gonna be bored to death all day. Cable and internet outage.,ham,0
I cant pick the phone right now. Pls send a message,ham,0
So lets make it saturday or monday as per convenience.,ham,0
"Shop till u Drop, IS IT YOU, either 10K, 5K, £500 Cash or £100 Travel voucher, Call now, 09064011000. NTT PO Box CR01327BT fixedline Cost 150ppm mobile vary",spam,1
* Will have two more cartons off u and is very pleased with shelves,ham,0
Also remember the beads don't come off. Ever.,ham,0
May i call You later Pls,ham,0
I can make lasagna for you... vodka...,ham,0
"It‘s reassuring, in this crazy world.",ham,0
No da if you run that it activate the full version da.,ham,0
Sorry da thangam.it's my mistake.,ham,0
Hey you can pay. With salary de. Only  &lt;#&gt; .,ham,0
Get a FREE mobile video player FREE movie. To collect text GO to 89105. Its free! Extra films can be ordered t's and c's apply. 18 yrs only,spam,1
"Sounds gd... Haha... Can... Wah, u yan jiu so fast liao...",ham,0
Lol! Nah wasn't too bad thanks. Its good to b home but its been quite a reality check. Hows ur day been? Did u do anything with website?,ham,0
Fuck babe ... What happened to you ? How come you never came back?,ham,0
GSOH? Good with SPAM the ladies?U could b a male gigolo? 2 join the uk's fastest growing mens club reply ONCALL. mjzgroup. 08714342399.2stop reply STOP. msg@£1.50rcvd,spam,1
Cos i want it to be your thing,ham,0
U can call now...,ham,0
Lol I know! They're so dramatic. Schools already closed for tomorrow. Apparently we can't drive in the inch of snow were supposed to get.,ham,0
Gain the rights of a wife.dont demand it.i am trying as husband too.Lets see,ham,0
Ok. No wahala. Just remember that a friend in need ...,ham,0
Okay same with me. Well thanks for the clarification,ham,0
Thanks for understanding. I've been trying to tell sura that.,ham,0
3. You have received your mobile content. Enjoy,spam,1
Yeah. I got a list with only u and Joanna if I'm feeling really anti social,ham,0
K.k:)i'm going to tirunelvali this week to see my uncle ..i already spend the amount by taking dress .so only i want money.i will give it on feb 1,ham,0
Or ill be a little closer like at the bus stop on the same street,ham,0
"The world is running and i am still.maybe all are feeling the same,so be it.or i have to admit,i am mad.then where is the correction?or let me call this is life.and keep running with the world,may be u r also running.lets run.",ham,0
Doing project w frens lor. ,ham,0
"That‘s the thing with apes, u can fight to the death to keep something, but the minute they have it when u let go, thats it!",ham,0
But we havent got da topic yet rite?,ham,0
Nice line said by a broken heart- Plz don't cum 1 more times infront of me... Other wise once again I ll trust U... Good 9t:),ham,0
Good morning princess! Happy New Year!,ham,0
"not that I know of, most people up here are still out of town",ham,0
"Yup, no need. I'll jus wait 4 e rain 2 stop.",ham,0
Your 2004 account for 07XXXXXXXXX shows 786 unredeemed points. To claim call 08719181259 Identifier code: XXXXX Expires 26.03.05,spam,1
"Wen ur lovable bcums angry wid u, dnt take it seriously.. Coz being angry is d most childish n true way of showing deep affection, care n luv!.. kettoda manda... Have nice day da.",ham,0
RGENT! This is the 2nd attempt to contact U!U have WON £1250 CALL 09071512433 b4 050703 T&CsBCM4235WC1N3XX. callcost 150ppm mobilesvary. max£7. 50,spam,1
K ill drink.pa then what doing. I need srs model pls send it to my mail id pa.,ham,0
Really good:)dhanush rocks once again:),ham,0
Good Morning my Dear........... Have a great &amp; successful day.,ham,0
"LOL .. *grins* .. I'm not babe, but thanks for thinking of me!",ham,0
"You are guaranteed the latest Nokia Phone, a 40GB iPod MP3 player or a £500 prize! Txt word: COLLECT to No: 83355! IBHltd LdnW15H 150p/Mtmsgrcvd18+",spam,1
"By the way, make sure u get train to worc foregate street not shrub hill. Have fun night x",ham,0
"They said if its gonna snow, it will start around 8 or 9 pm tonite! They are predicting an inch of accumulation.",ham,0
I dont have any of your file in my bag..i was in work when you called me.i 'll tell you if i find anything in my room.,ham,0
What do U want for Xmas? How about 100 free text messages & a new video phone with half price line rental? Call free now on 0800 0721072 to find out more!,spam,1
R u over scratching it?,ham,0
Oops i thk i dun haf enuff... I go check then tell ü..,ham,0
Jay is snickering and tells me that x is totally fucking up the chords as we speak,ham,0
It didnt work again oh. Ok goodnight then. I.ll fix and have it ready by the time you wake up. You are very dearly missed have a good night sleep.,ham,0
"A famous quote : when you develop the ability to listen to 'anything' unconditionally without losing your temper or self confidence, it means you are ......... 'MARRIED'",ham,0
Didn't you get hep b immunisation in nigeria.,ham,0
"Not sure yet, still trying to get a hold of him",ham,0
"Call me when you/carlos is/are here, my phone's vibrate is acting up and I might not hear texts",ham,0
I calls you later. Afternoon onwords mtnl service get problem in south mumbai. I can hear you but you cann't listen me.,ham,0
"Awesome, be there in a minute",ham,0
"Watching cartoon, listening music &amp; at eve had to go temple &amp; church.. What about u?",ham,0
"Someone has contacted our dating service and entered your phone becausethey fancy you! To find out who it is call from a landline 09058098002. PoBox1, W14RG 150p",spam,1
I didnt get anything da,ham,0
Only saturday and sunday holiday so its very difficult:),ham,0
"Haha awesome, I've been to 4u a couple times. Who all's coming?",ham,0
"Lol, oh you got a friend for the dog ?",ham,0
I'm coming back on Thursday. Yay. Is it gonna be ok to get the money. Cheers. Oh yeah and how are you. Everything alright. Hows school. Or do you call it work now,ham,0
cud u tell ppl im gona b a bit l8 cos 2 buses hav gon past cos they were full & im still waitin 4 1. Pete x,ham,0
Customer service annoncement. You have a New Years delivery waiting for you. Please call 07046744435 now to arrange delivery,spam,1
Just got up. have to be out of the room very soon. …. i hadn't put the clocks back til at 8 i shouted at everyone to get up and then realised it was 7. wahay. another hour in bed.,ham,0
"If we hit it off, you can move in with me :)",ham,0
She doesnt need any test.,ham,0
Do you like Italian food?,ham,0
Jokin only lar... :-) depends on which phone my father can get lor...,ham,0
Our Prashanthettan's mother passed away last night. pray for her and family.,ham,0
Still i have not checked it da. . .,ham,0
Tmrw. Im finishing 9 doors,ham,0
have * good weekend.,ham,0
"Haha yeah, 2 oz is kind of a shitload",ham,0
Your pussy is perfect!,ham,0
Reverse is cheating. That is not mathematics.,ham,0
Nope thats fine. I might have a nap tho! ,ham,0
Me n him so funny...,ham,0
Had your mobile 11 months or more? U R entitled to Update to the latest colour mobiles with camera for Free! Call The Mobile Update Co FREE on 08002986030,spam,1
Free Msg: Ringtone!From: http://tms. widelive.com/index. wml?id=1b6a5ecef91ff9*37819&first=true18:0430-JUL-05,spam,1
Is there coming friday is leave for pongal?do you get any news from your work place.,ham,0
"Painful words- ""I thought being Happy was the most toughest thing on Earth... But, the toughest is acting Happy with all unspoken pain inside..""",ham,0
Dont let studying stress you out. L8r.,ham,0
I taught that Ranjith sir called me. So only i sms like that. Becaus hes verifying about project. Prabu told today so only pa dont mistake me..,ham,0
"Hey sweet, I was wondering when you had a moment if you might come to me ? I want to send a file to someone but it won't go over yahoo for them because their connection sucks, remember when you set up that page for me to go to and download the format disc ? Could you tell me how to do that ? Or do you know some other way to download big files ? Because they can download stuff directly from the internet. Any help would be great, my prey ... *teasing kiss*",ham,0
Yeah my usual guy's out of town but there're definitely people around I know,ham,0
Someonone you know is trying to contact you via our dating service! To find out who it could be call from your mobile or landline 09064015307 BOX334SK38ch ,spam,1
Missed your call cause I was yelling at scrappy. Miss u. Can't wait for u to come home. I'm so lonely today.,ham,0
How about getting in touch with folks waiting for company? Just txt back your NAME and AGE to opt in! Enjoy the community (150p/SMS),spam,1
I can take you at like noon,ham,0
"sorry brah, just finished the last of my exams, what up",ham,0
Watch lor. I saw a few swatch one i thk quite ok. Ard 116 but i need 2nd opinion leh...,ham,0
As per your request 'Maangalyam (Alaipayuthe)' has been set as your callertune for all Callers. Press *9 to copy your friends Callertune,ham,0
U coming back 4 dinner rite? Dad ask me so i re confirm wif u...,ham,0
You will be receiving this week's Triple Echo ringtone shortly. Enjoy it!,spam,1
No. Did you multimedia message them or e-mail?,ham,0
"K I'm ready,  &lt;#&gt; ?",ham,0
Carlos says we can pick up from him later so yeah we're set,ham,0
In the end she might still vomit but its okay. Not everything will come out.,ham,0
Got it. Seventeen pounds for seven hundred ml – hope ok.,ham,0
Yunny i'm walking in citylink now ü faster come down... Me very hungry...,ham,0
Send a logo 2 ur lover - 2 names joined by a heart. Txt LOVE NAME1 NAME2 MOBNO eg LOVE ADAM EVE 07123456789 to 87077 Yahoo! POBox36504W45WQ TxtNO 4 no ads 150p.,spam,1
Do you hide anythiing or keeping distance from me,ham,0
Auntie huai juan never pick up her phone,ham,0
todays vodafone numbers ending with 0089(my last four digits) are selected to received a £350 award. If your number matches please call 09063442151 to claim your £350 award,spam,1
I said its okay. Sorry,ham,0
See the forwarding message for proof,ham,0
I was slept that time.you there?,ham,0
Also remember to get dobby's bowl from your car,ham,0
You have WON a guaranteed £1000 cash or a £2000 prize.To claim yr prize call our customer service representative on,spam,1
"Dude u knw also telugu..thts gud..k, gud nyt..",ham,0
"Happy or sad , one thing about past is- ""Its no more"" GOOD MORNING :-):-).",ham,0
"Dear Voucher Holder, To claim this weeks offer, at you PC please go to http://www.e-tlp.co.uk/expressoffer Ts&Cs apply. To stop texts, txt STOP to 80062",spam,1
So are you guys asking that i get that slippers again or its gone with last year,ham,0
Hows that watch resizing,ham,0
Idk. I'm sitting here in a stop and shop parking lot right now bawling my eyes out because i feel like i'm a failure in everything. Nobody wants me and now i feel like i'm failing you.,ham,0
"Carlos took a while (again), we leave in a minute",ham,0
"And that's fine, I got enough bud to last most of the night at least",ham,0
I'm okay. Chasing the dream. What's good. What are you doing next.,ham,0
"Tonight? Yeah, I'd be down for that",ham,0
"Alright if you're sure, let me know when you're leaving",ham,0
I bought the test yesterday. Its something that lets you know the exact day u ovulate.when will get 2u in about 2 to 3wks. But pls pls dont fret. I know u r worried. Pls relax. Also is there anything in ur past history u need to tell me?,ham,0
Already one guy loving you:-.,ham,0
Oh shut it. Omg yesterday I had a dream that I had 2 kids both boys. I was so pissed. Not only about the kids but them being boys. I even told mark in my dream that he was changing diapers cause I'm not getting owed in the face.,ham,0
"I wonder how you got online, my love ? Had you gone to the net cafe ? Did you get your phone recharged ? Were you on a friends net ? I think of you, boytoy",ham,0
"Haha, my friend tyler literally just asked if you could get him a dubsack",ham,0
No I'm in the same boat. Still here at my moms. Check me out on yo. I'm half naked.,ham,0
"Hurry up, I've been weed-deficient for like three days",ham,0
"that would be good … I'll phone you tomo lunchtime, shall I, to organise something?",ham,0
K.:)you are the only girl waiting in reception ah?,ham,0
Then ü wait 4 me at bus stop aft ur lect lar. If i dun c ü then i go get my car then come back n pick ü.,ham,0
I am not having her number sir,ham,0
"Update_Now - Xmas Offer! Latest Motorola, SonyEricsson & Nokia & FREE Bluetooth! Double Mins & 1000 Txt on Orange. Call MobileUpd8 on 08000839402 or call2optout/F4Q=",spam,1
So wat's da decision?,ham,0
Or I guess  &lt;#&gt;  min,ham,0
Wat r u doing now?,ham,0
hows my favourite person today? r u workin hard? couldn't sleep again last nite nearly rang u at 4.30,ham,0
No..jst change tat only..,ham,0
Ok no prob,ham,0
Hope this text meets you smiling. If not then let this text give you a reason to smile. Have a beautiful day.,ham,0
Meeting u is my work. . . Tel me when shall i do my work tomorrow,ham,0
"Dont give a monkeys wot they think and i certainly don't mind. Any friend of mine&all that! Just don't sleep wiv , that wud be annoyin!",ham,0
"You are being contacted by our dating service by someone you know! To find out who it is, call from a land line 09050000928. PoBox45W2TG150P",spam,1
Yo im right by yo work,ham,0
Just got outta class gonna go gym.,ham,0
"Haha I heard that, text me when you're around",ham,0
"Congratulations! Thanks to a good friend U have WON the £2,000 Xmas prize. 2 claim is easy, just call 08718726978 NOW! Only 10p per minute. BT-national-rate",spam,1
Huh? 6 also cannot? Then only how many mistakes?,ham,0
How do you guys go to see movies on your side.,ham,0
Did u got that persons story,ham,0
"No i'm not. I can't give you everything you want and need. You actually could do better for yourself on yor own--you've got more money than i do. I can't get work, i can't get a man, i can't pay the rent, i can't even fill my fucking gas tank. yes, i'm stressed and depressed. I didn't even call home for thanksgiving cuz i'll have to tell them i,m up to nothing.",ham,0
Getting tickets 4 walsall tue 6 th march. My mate is getting me them on sat. ill pay my treat. Want 2 go. Txt bak .Terry,ham,0
am up to my eyes in philosophy,ham,0
Hi. Hope you had a good day. Have a better night.,ham,0
Im good! I have been thinking about you...,ham,0
"We know TAJ MAHAL as symbol of love. But the other lesser known facts 1. Mumtaz was Shahjahan's 4th wife, out of his 7 wifes. 2. Shahjahan killed Mumtaz's husband to marry her. 3. Mumtaz died in her  &lt;#&gt; th delivery. 4. He then married Mumtaz's sister. Question arises where the Hell is the LOVE?:-| -The Great Hari-",ham,0
I'm in town now so i'll jus take mrt down later.,ham,0
Should i buy him a blackberry bold 2 or torch. Should i buy him new or used. Let me know. Plus are you saying i should buy the  &lt;#&gt; g wifi ipad. And what are you saying about the about the  &lt;#&gt; g?,ham,0
"K I'm leaving soon, be there a little after 9",ham,0
hi my darlin im on my way to London and we have just been smashed into by another driver! and have a big dent! im really missing u what have u been up to? xxx,ham,0
"Alright, see you in a bit",ham,0
You won't believe it but it's true. It's Incredible Txts! Reply G now to learn truly amazing things that will blow your mind. From O2FWD only 18p/txt,spam,1
At what time are you coming.,ham,0
S:)no competition for him.,ham,0
happened here while you were adventuring,ham,0
"The world suffers a lot... Not because of the violence of bad people. But because of the silence of good people!, Gud night....",ham,0
Pls send me your address sir.,ham,0
Your credits have been topped up for http://www.bubbletext.com Your renewal Pin is tgxxrz,spam,1
Thanks for ve lovely wisheds. You rock,ham,0
GENT! We are trying to contact you. Last weekends draw shows that you won a £1000 prize GUARANTEED. Call 09064012160. Claim Code K52. Valid 12hrs only. 150ppm ,spam,1
Sunshine Quiz Wkly Q! Win a top Sony DVD player if u know which country Liverpool played in mid week? Txt ansr to 82277. £1.50 SP:Tyrone,spam,1
Join the UK's horniest Dogging service and u can have sex 2nite!. Just sign up and follow the instructions. Txt ENTRY to 69888 now! Nyt.EC2A.3LP.msg@150p,spam,1
Its like that hotel dusk game i think. You solve puzzles in a area thing,ham,0
Dont know you bring some food,ham,0
Wat happened to the cruise thing,ham,0
"Did he say how fantastic I am by any chance, or anything need a bigger life lift as losing the will 2 live, do you think I would be the first person 2 die from N V Q? ",ham,0
Yo do you know anyone  &lt;#&gt;  or otherwise able to buy liquor? Our guy flaked and right now if we don't get a hold of somebody its just 4 loko all night,ham,0
Yesterday its with me only . Now am going home.,ham,0
You know there is. I shall speak to you in  &lt;#&gt;  minutes then,ham,0
No. But we'll do medical missions to nigeria,ham,0
Ur TONEXS subscription has been renewed and you have been charged £4.50. You can choose 10 more polys this month. www.clubzed.co.uk *BILLING MSG*,spam,1
"Had your contract mobile 11 Mnths? Latest Motorola, Nokia etc. all FREE! Double Mins & Text on Orange tariffs. TEXT YES for callback, no to remove from records",spam,1
We live in the next  &lt;#&gt; mins,ham,0
I'm home.,ham,0
If you're thinking of lifting me one then no.,ham,0
I'm going 2 orchard now laready me reaching soon. U reaching?,ham,0
Hey. You got any mail?,ham,0
"Congrats! 1 year special cinema pass for 2 is yours. call 09061209465 now! C Suprman V, Matrix3, StarWars3, etc all 4 FREE! bx420-ip4-5we. 150pm. Dont miss out! ",spam,1
This message is free. Welcome to the new & improved Sex & Dogging club! To unsubscribe from this service reply STOP. msgs@150p 18 only,spam,1
Yo guess what I just dropped,ham,0
"I hope your alright babe? I worry that you might have felt a bit desparate when you learned the job was a fake ? I am here waiting when you come back, my love",ham,0
Where is that one day training:-),ham,0
"Hmmm... Guess we can go 4 kb n power yoga... Haha, dunno we can tahan power yoga anot... Thk got lo oso, forgot liao...",ham,0
Kay... Since we are out already ,ham,0
I'm also came to room.,ham,0
Ok lor...,ham,0
My house here e sky quite dark liao... If raining then got excuse not 2 run already rite... Hee...,ham,0
But really quite funny lor wat... Then u shd haf run shorter distance wat...,ham,0
Gr8. So how do you handle the victoria island traffic. Plus when's the album due,ham,0
Ur cash-balance is currently 500 pounds - to maximize ur cash-in now send COLLECT to 83600 only 150p/msg. CC: 08718720201 PO BOX 114/14 TCR/W1,spam,1
"No, I decided that only people who care about stuff vote and caring about stuff is for losers",ham,0
"Sorry, I'll call later",ham,0
Have you had a good day? Mine was really busy are you up to much tomorrow night?,ham,0
I cant wait for cornwall. Hope tonight isnt too bad as well but its rock night shite. Anyway im going for a kip now have a good night. Speak to you soon.,ham,0
Don't look back at the building because you have no coat and i don't want you to get more sick. Just hurry home and wear a coat to the gym!!!,ham,0
Dunno lei ü all decide lor. How abt leona? Oops i tot ben is going n i msg him.,ham,0
You didn't have to tell me that...now i'm thinking. Plus he's going to stop all your runs,ham,0
Whens your radio show?,ham,0
"Easy mate, * guess the quick drink was bit ambitious.",ham,0
Hi ....My engagement has been fixd on  &lt;#&gt; th of next month. I know its really shocking bt....hmm njan vilikkam....t ws al of a sudn;-(.,ham,0
"Haha, my legs and neck are killing me and my amigos are hoping to end the night with a burn, think I could swing by in like an hour?",ham,0
K.k:)advance happy pongal.,ham,0
"Set a place for me in your heart and not in your mind, as the mind easily forgets but the heart will always remember. Wish you Happy Valentines Day!",ham,0
Oh great. I.ll disturb him more so that we can talk.,ham,0
74355 XMAS iscoming & ur awarded either £500 CD gift vouchers & free entry 2 r £100 weekly draw txt MUSIC to 87066 TnC,spam,1
Dunno dat's wat he told me. Ok lor...,ham,0
We got a divorce. Lol. She.s here,ham,0
Hey mr  and I are going to the sea view and having a couple of gays I mean games! Give me a bell when ya finish ,ham,0
Yun ah.now ü wkg where?btw if ü go nus sc. Ü wana specialise in wad?,ham,0
"Hmm well, night night ",ham,0
Hi its LUCY Hubby at meetins all day Fri & I will B alone at hotel U fancy cumin over? Pls leave msg 2day 09099726395 Lucy x Calls£1/minMobsmoreLKPOBOX177HP51FL,spam,1
Sounds like there could be a lot of time spent in that chastity device boy ... *grins* ... Or take your beatings like a good dog. Going to lounge in a nice long bath now ?,ham,0
Dunno da next show aft 6 is 850. Toa payoh got 650.,ham,0
When are you guys leaving?,ham,0
Then cant get da laptop? My matric card wif ü lei... ,ham,0
Oi. Ami parchi na re. Kicchu kaaj korte iccha korche na. Phone ta tul na. Plz. Plz.,ham,0
I ain't answerin no phone at what is actually a pretty reasonable hour but I'm sleepy,ham,0
"(No promises on when though, haven't even gotten dinner yet)",ham,0
1's reach home call me.,ham,0
"awesome, how do I deal with the gate? Charles told me last night but, uh, yeah",ham,0
"I guess that's why you re worried. You must know that there's a way the body repairs itself. And i'm quite sure you shouldn't worry. We'll take it slow. First the tests, they will guide when your ovulation is then just relax. Nothing you've said is a reason to worry but i.ll keep on followin you up.",ham,0
"K, wen ur free come to my home and also tel vikky i hav sent mail to him also.. Better come evening il be free today aftr 6pm..:-)",ham,0
"Machan you go to gym tomorrow,  i wil come late goodnight.",ham,0
You've always been the brainy one.,ham,0
Hey so this sat are we going for the intro pilates only? Or the kickboxing too? ,ham,0
Here got lots of hair dresser fr china.,ham,0
"Gud gud..k, chikku tke care.. sleep well gud nyt",ham,0
"Probably not, still going over some stuff here",ham,0
Yes I started to send requests to make it but pain came back so I'm back in bed. Double coins at the factory too. I gotta cash in all my nitros.,ham,0
Hi i won't b ard 4 christmas. But do enjoy n merry x'mas.,ham,0
at bruce b downs &amp; fletcher now,ham,0
EASTENDERS TV Quiz. What FLOWER does DOT compare herself to? D= VIOLET E= TULIP F= LILY txt D E or F to 84025 NOW 4 chance 2 WIN £100 Cash WKENT/150P16+,spam,1
Oh k :)why you got job then whats up?,ham,0
WHAT TIME U WRKIN?,ham,0
"Got what it takes 2 take part in the WRC Rally in Oz? U can with Lucozade Energy! Text RALLY LE to 61200 (25p), see packs or lucozade.co.uk/wrc & itcould be u!",spam,1
"Hey, I missed you tm of last night as my phone was on the charge ... *smiles* ... I am meeting a friend shortly",ham,0
Great NEW Offer - DOUBLE Mins & DOUBLE Txt on best Orange tariffs AND get latest camera phones 4 FREE! Call MobileUpd8 free on 08000839402 NOW! or 2stoptxt T&Cs,spam,1
So that takes away some money worries,ham,0
4mths half price Orange line rental & latest camera phones 4 FREE. Had your phone 11mths ? Call MobilesDirect free on 08000938767 to update now! or2stoptxt,spam,1
I tot it's my group mate... Lucky i havent reply... Wat time do ü need to leave... ,ham,0
"Yep, at derek's house now, see you Sunday &lt;3",ham,0
One day a crab was running on the sea shore..The waves came n cleared the footprints of the crab.. Crab asked: being my frnd y r u clearing my beautiful footprints? Waves replied: A fox was following ur footprints to catch you! thats y i cleared it off:) frndsship never lets u dwn :-) GUD nyt..,ham,0
ARE YOU IN TOWN? THIS IS V. IMPORTANT,ham,0
Dip's cell dead. So i m coming with him. U better respond else we shall come back.,ham,0
Apo all other are mokka players only,ham,0
I've been trying to reach him without success,ham,0
We took hooch for a walk toaday and i fell over! Splat! Grazed my knees and everything! Should have stayed at home! See you tomorrow! ,ham,0
Your next amazing xxx PICSFREE1 video will be sent to you enjoy! If one vid is not enough for 2day text back the keyword PICSFREE1 to get the next video.,spam,1
"He said that he had a right giggle when he saw u again! You would possibly be the first person2die from NVQ, but think how much you could for! ",ham,0
... Are you in the pub?,ham,0
When you are big..| God will bring success.,ham,0
1 in cbe. 2 in chennai.,ham,0
"This is the 2nd time we have tried 2 contact u. U have won the 750 Pound prize. 2 claim is easy, call 08712101358 NOW! Only 10p per min. BT-national-rate",spam,1
Oh oh... Wasted... Den muz chiong on sat n sun liao...,ham,0
Did you stitch his trouser,ham,0
"Come to me, slave. Your doing it again ... Going into your shell and unconsciously avoiding me ... You are making me unhappy :-(",ham,0
V nice! Off 2 sheffield tom 2 air my opinions on categories 2 b used 2 measure ethnicity in next census. Busy transcribing. :-),ham,0
"Gal n boy walking in d park. gal-can i hold ur hand? boy-y? do u think i would run away? gal-no, jst wana c how it feels walking in heaven with an prince..GN:-)",ham,0
"Kate jackson rec center before 7ish, right?",ham,0
How much u trying to get?,ham,0
"Urgent UR awarded a complimentary trip to EuroDisinc Trav, Aco&Entry41 Or £1000. To claim txt DIS to 87121 18+6*£1.50(moreFrmMob. ShrAcomOrSglSuplt)10, LS1 3AJ",spam,1
"Haven't seen my facebook, huh? Lol!",ham,0
* Am on my way,ham,0
"Well, I was about to give up cos they all said no they didn‘t do one nighters. I persevered and found one but it is very cheap so i apologise in advance. It is just somewhere to sleep isnt it?",ham,0
TBS/PERSOLVO. been chasing us since Sept for£38 definitely not paying now thanks to your information. We will ignore them. Kath. Manchester.,spam,1
"CHA QUITEAMUZING THATSCOOL BABE,PROBPOP IN & CU SATTHEN HUNNY 4BREKKIE! LOVE JEN XXX. PSXTRA LRG PORTIONS 4 ME PLEASE ",ham,0
LORD OF THE RINGS:RETURN OF THE KING in store NOW!REPLY LOTR by 2 June 4 Chance 2 WIN LOTR soundtrack CDs StdTxtRate. Reply STOP to end txts,spam,1
"Dear all, as we know  &lt;#&gt; th is the  &lt;#&gt; th birthday of our loving Gopalettan. We are planning to give a small gift on that day. Those who like to participate in that you are welcome. Please contact our admin team for more details",ham,0
I am back. Good journey! Let me know if you need any of the receipts. Shall i tell you like the pendent?,ham,0
To day class is there are no class.,ham,0
"Okey doke. I'm at home, but not dressed cos laying around ill! Speak to you later bout times and stuff. ",ham,0
Were somewhere on Fredericksburg,ham,0
And stop being an old man. You get to build snowman snow angels and snowball fights.,ham,0
Where r we meeting?,ham,0
"Alright, I'll head out in a few minutes, text me where to meet you",ham,0
"Sorry about earlier. Putting out fires.Are you around to talk after 9? Or do you actually have a life, lol!",ham,0
"Not really dude, have no friends i'm afraid :(",ham,0
Many more happy returns of the day. I wish you happy birthday.,ham,0
How much is torch in 9ja.,ham,0
Do you want a New Nokia 3510i Colour Phone Delivered Tomorrow? With 200 FREE minutes to any mobile + 100 FREE text + FREE camcorder Reply or Call 08000930705,spam,1
Huh so early.. Then ü having dinner outside izzit?,ham,0
"Solve d Case : A Man Was Found Murdered On  &lt;DECIMAL&gt; . &lt;#&gt;  AfterNoon. 1,His wife called Police. 2,Police questioned everyone. 3,Wife: Sir,I was sleeping, when the murder took place. 4.Cook: I was cooking. 5.Gardener: I was picking vegetables. 6.House-Maid: I went 2 d post office. 7.Children: We went 2 play. 8.Neighbour: We went 2 a marriage. Police arrested d murderer Immediately. Who's It? Reply With Reason, If U r Brilliant.",ham,0
K do I need a login or anything,ham,0
"Hey Boys. Want hot XXX pics sent direct 2 ur phone? Txt PORN to 69855, 24Hrs free and then just 50p per day. To stop text STOPBCM SF WC1N3XX",spam,1
Joy's father is John. Then John is the NAME of Joy's father. Mandan,ham,0
Thanks. Fills me with complete calm and reassurance! ,ham,0
8007 FREE for 1st week! No1 Nokia tone 4 ur mob every week just txt NOKIA to 8007 Get txting and tell ur mates www.getzed.co.uk POBox 36504 W4 5WQ norm 150p/tone 16+,spam,1
Yes! I am a one woman man! Please tell me your likes and dislikes in bed...,ham,0
Me hungry buy some food good lei... But mum n yun dun wan juz buy a little bit... ,ham,0
"Y cant u try new invention to fly..i'm not joking.,",ham,0
Get down in gandhipuram and walk to cross cut road. Right side &lt;#&gt; street road and turn at first right.,ham,0
"Especially since i talk about boston all up in my personal statement, lol! I woulda changed that if i had realized it said nyc! It says boston now.",ham,0
"Cool, we shall go and see, have to go to tip anyway. Are you at home, got something to drop in later? So lets go to town tonight! Maybe mum can take us in.",ham,0
U can call me now...,ham,0
I told her I had a Dr appt next week. She thinks I'm gonna die. I told her its just a check. Nothing to be worried about. But she didn't listen.,ham,0
"Don't worry though, I understand how important it is that I be put in my place with a poorly thought out punishment in the face of the worst thing that has ever happened to me. Brb gonna go kill myself",ham,0
Ok... U enjoy ur shows...,ham,0
An excellent thought by a misundrstud frnd: I knw u hate me bt the day wen u'll knw the truth u'll hate urself:-( Gn:-),ham,0
Ok. I.ll do you right later.,ham,0
I wont get concentration dear you know you are my mind and everything :-),ham,0
Ok how you dear. Did you call chechi,ham,0
Gettin rdy to ship comp,ham,0
Good. do you think you could send me some pix? I would love to see your top and bottom...,ham,0
The guy did some bitching but I acted like i'd be interested in buying something else next week and he gave it to us for free,ham,0
Lol I have to take it. member how I said my aunt flow didn't visit for 6 months? It's cause I developed ovarian cysts. Bc is the only way to shrink them.,ham,0
"Tee hee. Off to lecture, cheery bye bye.",ham,0
And popping &lt;#&gt; ibuprofens was no help.,ham,0
Nah dub but je still buff,ham,0
"Thanks for your ringtone order, reference number X49.Your mobile will be charged 4.50. Should your tone not arrive please call customer services 09065989182",spam,1
"URGENT! Last weekend's draw shows that you have won £1000 cash or a Spanish holiday! CALL NOW 09050000332 to claim. T&C: RSTM, SW7 3SS. 150ppm",spam,1
I am in bus on the way to calicut,ham,0
"Awesome, text me when you're restocked",ham,0
"Cool, what time you think you can get here?",ham,0
Good. No swimsuit allowed :),ham,0
I know a few people I can hit up and fuck to the yes,ham,0
"Yo my trip got postponed, you still stocked up?",ham,0
"House-Maid is the murderer, coz the man was murdered on  &lt;#&gt; th January.. As public holiday all govt.instituitions are closed,including post office..",ham,0
K.k.how is your business now?,ham,0
"So many people seems to be special at first sight, But only very few will remain special to you till your last sight.. Maintain them till life ends.. Sh!jas",ham,0
Haven't eaten all day. I'm sitting here staring at this juicy pizza and I can't eat it. These meds are ruining my life.,ham,0
Do you think i can move  &lt;#&gt;  in a week,ham,0
"Had the money issue weigh me down but thanks to you, I can breathe easier now. I.ll make sure you dont regret it. Thanks.",ham,0
Ranjith cal drpd Deeraj and deepak 5min hold,ham,0
Yes i will be there. Glad you made it.,ham,0
"Night has ended for another day, morning has come in a special way. May you smile like the sunny rays and leaves your worries at the blue blue bay.",ham,0
"Enjoy the showers of possessiveness poured on u by ur loved ones, bcoz in this world of lies, it is a golden gift to be loved truly..",ham,0
"Dear Matthew please call 09063440451 from a landline, your complimentary 4*Lux Tenerife holiday or £1000 CASH await collection. ppm150 SAE T&Cs Box334 SK38XH.",spam,1
Nope... Juz off from work...,ham,0
Okie but i scared u say i fat... Then u dun wan me already...,ham,0
WOW! The Boys R Back. TAKE THAT 2007 UK Tour. Win VIP Tickets & pre-book with VIP Club. Txt CLUB to 81303. Trackmarque Ltd info@vipclub4u.,spam,1
Hi. I'm always online on yahoo and would like to chat with you someday,ham,0
Hi its Kate how is your evening? I hope i can see you tomorrow for a bit but i have to bloody babyjontet! Txt back if u can. :) xxx,ham,0
Welp apparently he retired,ham,0
"Hmmm ... I thought we said 2 hours slave, not 3 ... You are late ... How should I punish you ?",ham,0
"Mmmmm ... It was sooooo good to wake to your words this morning, my Love!! Mmmm fuck ... I love you too, my Lion ... *devouring kiss from across the sea*",ham,0
"Hello.How u doing?What u been up 2?When will u b moving out of the flat, cos I will need to arrange to pick up the lamp, etc. Take care. Hello caroline!",ham,0
Aiyar u so poor thing... I give u my support k... Jia you! I'll think of u...,ham,0
Yeah you should. I think you can use your gt atm now to register. Not sure but if there's anyway i can help let me know. But when you do be sure you are ready.,ham,0
ree entry in 2 a weekly comp for a chance to win an ipod. Txt POD to 80182 to get entry (std txt rate) T&C's apply 08452810073 for details 18+,spam,1
87077: Kick off a new season with 2wks FREE goals & news to ur mobile! Txt ur club name to 87077 eg VILLA to 87077,spam,1
"Hey ! I want you ! I crave you ! I miss you ! I need you ! I love you, Ahmad Saeed al Hallaq ...",ham,0
"Yes obviously, but you are the eggs-pert and the potato head… Speak soon! ",ham,0
Hey mate. Spoke to the mag people. We‘re on.  the is deliver by the end of the month. Deliver on the 24th sept. Talk later. ,ham,0
S.s:)i thinl role is like sachin.just standing. Others have to hit.,ham,0
Ugh just got outta class,ham,0
Ok lar... Joking wif u oni...,ham,0
I cant pick the phone right now. Pls send a message,ham,0
They don't put that stuff on the roads to keep it from getting slippery over there?,ham,0
"Playin space poker, u?",ham,0
Just wait till end of march when el nino gets himself. Oh.,ham,0
Hi im having the most relaxing time ever! we have to get up at 7am every day! was the party good the other night? I get home tomorrow at 5ish.,ham,0
Yes see ya not on the dot,ham,0
"Omw back to tampa from west palm, you hear what happened?",ham,0
Well she's in for a big surprise!,ham,0
I love your ass! Do you enjoy doggy style? :),ham,0
"Mostly sports type..lyk footbl,crckt..",ham,0
Go fool dont cheat others ok,ham,0
No i'm not gonna be able to. || too late notice. || i'll be home in a few weeks anyway. || what are the plans,ham,0
Oh k.i think most of wi and nz players unsold.,ham,0
That was random saw my old roomate on campus. He graduated,ham,0
" said kiss, kiss, i can't do the sound effects! He is a gorgeous man isn't he! Kind of person who needs a smile to brighten his day! ",ham,0
"A cute thought for friendship: ""Its not necessary to share every secret with ur close Frnd, but watever u shared should be true""....",ham,0
Pls what's the full name of joke's school cos fees in university of florida seem to actually be  &lt;#&gt; k. Pls holla back,ham,0
FREE for 1st week! No1 Nokia tone 4 ur mobile every week just txt NOKIA to 8077 Get txting and tell ur mates. www.getzed.co.uk POBox 36504 W45WQ 16+ norm150p/tone,spam,1
"U were outbid by simonwatson5120 on the Shinco DVD Plyr. 2 bid again, visit sms. ac/smsrewards 2 end bid notifications, reply END OUT",spam,1
"Okies... I'll go yan jiu too... We can skip ard oso, go cine den go mrt one, blah blah blah... ",ham,0
Good sleep is about rhythm. The person has to establish a rhythm that the body will learn and use. If you want to know more :-),ham,0
Mum ask ü to buy food home...,ham,0
"OH YEAH,AND HAV A GREAT TIME IN NEWQUAY-SEND ME A POSTCARD !1 LOOK AFTER ALL THE GIRLS WHILE IM GONE(U KNOW THE 1IM TALKIN BOUT!)xx",ham,0
"'Wnevr i wana fal in luv vth my books, My bed fals in luv vth me..!'' . Yen madodu, nav pretsorginta, nammanna pretsovru important alwa....!!:) Gud eveB-).",ham,0
Do you mind if I ask what happened? You dont have to say if it is uncomfortable.,ham,0
Still at west coast... Haiz... Ü'll take forever to come back...,ham,0
No 1 POLYPHONIC tone 4 ur mob every week! Just txt PT2 to 87575. 1st Tone FREE ! so get txtin now and tell ur friends. 150p/tone. 16 reply HL 4info,spam,1
What year. And how many miles.,ham,0
"Not much, just some textin'. How bout you?",ham,0
What's your room number again? Wanna make sure I'm knocking on the right door,ham,0
So u gonna get deus ex?,ham,0
No dear i do have free messages without any recharge. Hi hi hi,ham,0
Dont forget you can place as many FREE Requests with 1stchoice.co.uk as you wish. For more Information call 08707808226.,spam,1
Dear are you angry i was busy dear,ham,0
It's é only $140 ard...É rest all ard $180 at least...Which is é price 4 é 2 bedrm ($900),ham,0
"Orange customer, you may now claim your FREE CAMERA PHONE upgrade for your loyalty. Call now on 0207 153 9996. Offer ends 14thMarch. T&C's apply. Opt-out availa",spam,1
"Free entry to the gr8prizes wkly comp 4 a chance to win the latest Nokia 8800, PSP or £250 cash every wk.TXT GREAT to 80878 http//www.gr8prizes.com 08715705022",spam,1
Todays Voda numbers ending 1225 are selected to receive a £50award. If you have a match please call 08712300220 quoting claim code 3100 standard rates app ,spam,1
Hi! You just spoke to MANEESHA V. We'd like to know if you were satisfied with the experience. Reply Toll Free with Yes or No.,ham,0
"Nope. Since ayo travelled, he has forgotten his guy",ham,0
Okay... I booked all already... Including the one at bugis.,ham,0
"No shit, but I wasn't that surprised, so I went and spent the evening with that french guy I met in town here and we fooled around a bit but I didn't let him fuck me",ham,0
How come i din c ü... Yup i cut my hair...,ham,0
Hey come online! Use msn... We are all there,ham,0
"Nothing much, chillin at home. Any super bowl plan?",ham,0
So ü'll be submitting da project tmr rite?,ham,0
Hey morning what you come to ask:-) pa...,ham,0
Hello! Good week? Fancy a drink or something later?,ham,0
I want snow. It's just freezing and windy.,ham,0
"Mah b, I'll pick it up tomorrow",ham,0
Jay says that you're a double-faggot,ham,0
Ee msg na poortiyagi odalebeku: Hanumanji 7 name 1-Hanuman 2-Bajarangabali 3-Maruti 4-Pavanaputra 5-Sankatmochan 6-Ramaduth 7-Mahaveer ee 7 name  &lt;#&gt;  janarige ivatte kalisidare next saturday olage ondu good news keluviri...! Maretare inde 1 dodda problum nalli siguviri idu matra  &lt;#&gt; % true.. Don't neglet.,ham,0
O. Guess they both got screwd,ham,0
Ho ho - big belly laugh! See ya tomo,ham,0
Argh why the fuck is nobody in town ;_;,ham,0
Hi! You just spoke to MANEESHA V. We'd like to know if you were satisfied with the experience. Reply Toll Free with Yes or No.,ham,0
Havent planning to buy later. I check already lido only got 530 show in e afternoon. U finish work already?,ham,0
Wat time u finish ur lect today?,ham,0
Hope you are feeling great. Pls fill me in. Abiola,ham,0
"Forgot it takes me 3 years to shower, sorry. Where you at/your phone dead yet?",ham,0
"Sorry, I'll call later",ham,0
"Twinks, bears, scallies, skins and jocks are calling now. Don't miss the weekend's fun. Call 08712466669 at 10p/min. 2 stop texts call 08712460324(nat rate)",spam,1
Which channel:-):-):):-).,ham,0
No probably  &lt;#&gt; %.,ham,0
Where u been hiding stranger?,ham,0
Send me your resume:-),ham,0
Shopping lor. Them raining mah hard 2 leave orchard.,ham,0
Ya just telling abt tht incident..,ham,0
"Will u meet ur dream partner soon? Is ur career off 2 a flyng start? 2 find out free, txt HORO followed by ur star sign, e. g. HORO ARIES",spam,1
"Sorry, I'll call later",ham,0
"Thanx. Yup we coming back on sun. Finish dinner going back 2 hotel now. Time flies, we're tog 4 exactly a mth today. Hope we'll haf many more mths to come...",ham,0
"Yo, the game almost over? Want to go to walmart soon",ham,0
Great News! Call FREEFONE 08006344447 to claim your guaranteed £1000 CASH or £2000 gift. Speak to a live operator NOW!,spam,1
ITS A LAPTOP TAKE IT WITH YOU.,ham,0
"A bit of Ur smile is my hppnss, a drop of Ur tear is my sorrow, a part of Ur heart is my life, a heart like mine wil care for U, forevr as my GOODFRIEND",ham,0
You have won a Nokia 7250i. This is what you get when you win our FREE auction. To take part send Nokia to 86021 now. HG/Suite342/2Lands Row/W1JHL 16+ ,spam,1
Good night my dear.. Sleepwell&amp;Take care,ham,0
Where are you ? You said you would be here when I woke ... :-(,ham,0
Lmao!nice 1,ham,0
"To the wonderful Okors, have a great month. We cherish you guys and wish you well each day. MojiBiola",ham,0
"Babe, I need your advice",ham,0
I've reached home finally...,ham,0
I am in your office na.,ham,0
"As in missionary hook up, doggy hook up, standing...|",ham,0
Do you want a new Video handset? 750 any time any network mins? UNLIMITED TEXT? Camcorder? Reply or Call now 08000930705 for del Sat AM,spam,1
Boy you best get yo ass out here quick,ham,0
If he started searching he will get job in few days.he have great potential and talent.,ham,0
Ofcourse I also upload some songs,ham,0
Oh ok no prob..,ham,0
Dai  &lt;#&gt;  naal eruku.,ham,0
Height of recycling: Read twice- People spend time for earning money and the same money is spent for spending time!;-) Good morning.. keep smiling:-),ham,0
I'm awake oh. What's up.,ham,0
Did you catch the bus ? Are you frying an egg ? Did you make a tea? Are you eating your mom's left over dinner ? Do you feel my Love ?,ham,0
She just broke down a list of reasons why nobody's in town and I can't tell if she's being sarcastic or just faggy,ham,0
We tried to contact you re our offer of New Video Phone 750 anytime any network mins HALF PRICE Rental camcorder call 08000930705 or reply for delivery Wed,spam,1
Carlos'll be here in a minute if you still need to buy,ham,0
Dear U've been invited to XCHAT. This is our final attempt to contact u! Txt CHAT to 86688 150p/MsgrcvdHG/Suite342/2Lands/Row/W1J6HL LDN 18 yrs,spam,1
Nothing will ever be easy. But don't be looking for a reason not to take a risk on life and love,ham,0
"Dear Voucher Holder, 2 claim this weeks offer, at your PC go to http://www.e-tlp.co.uk/expressoffer Ts&Cs apply.2 stop texts txt STOP to 80062.",spam,1
We still on for tonight?,ham,0
Ok no prob... I'll come after lunch then...,ham,0
"Well, i'm gonna finish my bath now. Have a good...fine night.",ham,0
Lol ... I really need to remember to eat when I'm drinking but I do appreciate you keeping me company that night babe *smiles*,ham,0
LOOK AT THE FUCKIN TIME. WHAT THE FUCK YOU THINK IS UP,ham,0
"Bill, as in: Are there any letters for me. i’m expecting one from orange that isn’t a bill but may still say orange on it.",ham,0
"Its ok., i just askd did u knw tht no?",ham,0
I hope you know I'm still mad at you.,ham,0
Printer is cool. I mean groovy. Wine is groovying,ham,0
Yup but not studying surfing lor. I'm in e lazy mode today.,ham,0
Alex says he's not ok with you not being ok with it,ham,0
I always chat with you. In fact i need money can you raise me?,ham,0
"500 New Mobiles from 2004, MUST GO! Txt: NOKIA to No: 89545 & collect yours today!From ONLY £1 www.4-tc.biz 2optout 087187262701.50gbp/mtmsg18",spam,1
"Den only weekdays got special price... Haiz... Cant eat liao... Cut nails oso muz wait until i finish drivin wat, lunch still muz eat wat... ",ham,0
Yes..gauti and sehwag out of odi series.,ham,0
R u in this continent?,ham,0
Aslamalaikkum....insha allah tohar beeen muht albi mufti mahfuuz...meaning same here....,ham,0
HI DARLIN IM MISSIN U HOPE YOU ARE HAVING A GOOD TIME. WHEN ARE U BACK AND WHAT TIME IF U CAN GIVE ME A CALL AT HOME. JESS XX,ham,0
It is a good thing I'm now getting the connection to bw,ham,0
Natalja (25/F) is inviting you to be her friend. Reply YES-440 or NO-440 See her: www.SMS.ac/u/nat27081980 STOP? Send STOP FRND to 62468,spam,1
Er yep sure. Props?,ham,0
That's y we haf to combine n c how lor...,ham,0
Petey boy whereare you me and all your friendsare in theKingshead come down if you canlove Nic,ham,0
"Hi, Mobile no.  &lt;#&gt;  has added you in their contact list on www.fullonsms.com It s a great place to send free sms to people For more visit fullonsms.com",ham,0
I'm really not up to it still tonight babe,ham,0
Old Orchard near univ. How about you?,ham,0
Hey gals...U all wanna meet 4 dinner at nìte? ,ham,0
"It wont b until 2.15 as trying 2 sort house out, is that ok?",ham,0
Dunno he jus say go lido. Same time 930.,ham,0
"Yeah why not, is the gang all ready",ham,0
Hello-/@drivby-:0quit edrunk sorry iff pthis makes no senrd-dnot no how ^ dancce 2 drum n basq!ihave fun 2nhite x ros xxxxxxx,ham,0
"Do whatever you want. You know what the rules are. We had a talk earlier this week about what had to start happening, you showing responsibility. Yet, every week it's can i bend the rule this way? What about that way? Do whatever. I'm tired of having thia same argument with you every week. And a  &lt;#&gt;  movie DOESNT inlude the previews. You're still getting in after 1.",ham,0
"Jolly good! By the way,  will give u tickets for sat eve 7.30. Speak before then x",ham,0
I'm on da bus going home...,ham,0
Just glad to be talking to you.,ham,0
"Good FRIENDS CaRE for each Other.. CLoSE Friends UNDERSTaND each Other... and TRUE Friends STaY forever beyond words, beyond time. Gud ni8",ham,0
Doc prescribed me morphine cause the other pain meds aren't enough. Waiting for my mom to bring it. That med should kick in fast so I'm gonna try to be on later,ham,0
I tot u reach liao. He said t-shirt.,ham,0
it's still not working. And this time i also tried adding zeros. That was the savings. The checking is  &lt;#&gt; ,ham,0
hi baby im cruisin with my girl friend what r u up 2? give me a call in and hour at home if thats alright or fone me on this fone now love jenny xxx,ham,0
I accidentally brought em home in the box,ham,0
How's it feel? Mr. Your not my real Valentine just my yo Valentine even tho u hardly play!!,ham,0
"Nt only for driving even for many reasons she is called BBD..thts it chikku, then hw abt dvg cold..heard tht vinobanagar violence hw is the condition..and hw ru ? Any problem?",ham,0
Aiyah then i wait lor. Then u entertain me. Hee...,ham,0
Thank you princess! I want to see your nice juicy booty...,ham,0
Not yet had..ya sapna aunty manege y'day hogidhe..chinnu full weak and swalpa black agidhane..,ham,0
U have a secret admirer. REVEAL who thinks U R So special. Call 09065174042. To opt out Reply REVEAL STOP. 1.50 per msg recd. Cust care 07821230901,spam,1
Congratulations ur awarded either £500 of CD gift vouchers & Free entry 2 our £100 weekly draw txt MUSIC to 87066 TnCs www.Ldew.com 1 win150ppmx3age16,spam,1
"0A$NETWORKS allow companies to bill for SMS, so they are responsible for their ""suppliers"", just as a shop has to give a guarantee on what they sell. B. G.",spam,1
Sure! I am driving but will reach my destination soon.,ham,0
Haven't left yet so probably gonna be here til dinner,ham,0
Are you this much buzy,ham,0
Is ur paper today in e morn or aft?,ham,0
Yes da. Any plm at ur office,ham,0
Buy Space Invaders 4 a chance 2 win orig Arcade Game console. Press 0 for Games Arcade (std WAP charge) See o2.co.uk/games 4 Terms + settings. No purchase,spam,1
we tried to contact you re your response to our offer of a new nokia fone and camcorder hit reply or call 08000930705 for delivery,spam,1
Stop calling everyone saying I might have cancer. My throat hurts to talk. I can't be answering everyones calls. If I get one more call I'm not babysitting on Monday,ham,0
Just hopeing that wasn‘t too pissed up to remember and has gone off to his sisters or something!,ham,0
Designation is software developer and may be she get chennai:),ham,0
ALRITE,ham,0
"Last Chance! Claim ur £150 worth of discount vouchers today! Text SHOP to 85023 now! SavaMob, offers mobile! T Cs SavaMob POBOX84, M263UZ. £3.00 Sub. 16",spam,1
You have an important customer service announcement from PREMIER.,spam,1
"Love isn't a decision, it's a feeling. If we could decide who to love, then, life would be much simpler, but then less magical",ham,0
She went to attend another two rounds today..but still did't reach home..,ham,0
Then mum's repent how?,ham,0
"BangBabes Ur order is on the way. U SHOULD receive a Service Msg 2 download UR content. If U do not, GoTo wap. bangb. tv on UR mobile internet/service menu",spam,1
Easy ah?sen got selected means its good..,ham,0
Is there coming friday is leave for pongal?do you get any news from your work place.,ham,0
I want to tell you how bad I feel that basically the only times I text you lately are when I need drugs,ham,0
"Ya ok, vikky vl c witin  &lt;#&gt; mins and il reply u..",ham,0
Ha ha - had popped down to the loo when you hello-ed me. Hello!,ham,0
Hey... What time is your driving on fri? We go for evaluation on fri?,ham,0
HMV BONUS SPECIAL 500 pounds of genuine HMV vouchers to be won. Just answer 4 easy questions. Play Now! Send HMV to 86688 More info:www.100percent-real.com,spam,1
No. Its not specialisation. Can work but its slave labor. Will look for it this month sha cos no shakara 4 beggar.,ham,0
G.W.R,ham,0
K.k:)when are you going?,ham,0
What should i eat fo lunch senor,ham,0
He's an adult and would learn from the experience. There's no real danger. I just dont like peeps using drugs they dont need. But no comment,ham,0
"I thought i'd get him a watch, just cos thats the kind of thing u get4an18th. And he loves so much!",ham,0
"Tunde, how are you doing. This is just wishing you a great day. Abiola.",ham,0
Ok lor. Msg me b4 u call.,ham,0
Free entry in 2 a weekly comp for a chance to win an ipod. Txt POD to 80182 to get entry (std txt rate) T&C's apply 08452810073 for details 18+,spam,1
"Merry Christmas to you too babe, i love ya *kisses*",ham,0
For taking part in our mobile survey yesterday! You can now have 500 texts 2 use however you wish. 2 get txts just send TXT to 80160 T&C www.txt43.com 1.50p,spam,1
I can't believe how attached I am to seeing you every day. I know you will do the best you can to get to me babe. I will go to teach my class at your midnight,ham,0
"Yo, any way we could pick something up tonight?",ham,0
Am on a train back from northampton so i'm afraid not! I'm staying skyving off today ho ho! Will be around wednesday though. Do you fancy the comedy club this week by the way?,ham,0
Raji..pls do me a favour. Pls convey my Birthday wishes to Nimya. Pls. Today is her birthday.,ham,0
You are a winner U have been specially selected 2 receive £1000 cash or a 4* holiday (flights inc) speak to a live operator 2 claim 0871277810810,spam,1
hanks lotsly!,ham,0
Ok.. Ü finishing soon?,ham,0
"Well the general price is  &lt;#&gt; /oz, let me know if/when/how much you want",ham,0
Send me yetty's number pls.,ham,0
 &lt;#&gt;  in mca. But not conform.,ham,0
"Night has ended for another day, morning has come in a special way. May you smile like the sunny rays and leaves your worries at the blue blue bay. Gud mrng",ham,0
Free entry in 2 a wkly comp to win FA Cup final tkts 21st May 2005. Text FA to 87121 to receive entry question(std txt rate)T&C's apply 08452810075over18's,spam,1
Also that chat was awesome but don't make it regular unless you can see her in person,ham,0
Wishing you a beautiful day. Each moment revealing even more things to keep you smiling. Do enjoy it.,ham,0
"If you're still up, maybe leave the credit card so I can get gas when I get back like he told me to",ham,0
DO NOT B LATE LOVE MUM,ham,0
Am in film ill call you later.,ham,0
Yeah we do totes. When u wanna?,ham,0
I wait 4 ü inside da car park...,ham,0
This pay is  &lt;DECIMAL&gt;  lakhs:),ham,0
Hey gorgeous man. My work mobile number is. Have a good one babe. Squishy Mwahs.,ham,0
"ER, ENJOYIN INDIANS AT THE MO..yeP. SaLL gOoD HehE ;> hows bout u shexy? Pete Xx",ham,0
Well done and ! luv ya all ,ham,0
Is xy in ur car when u picking me up?,ham,0
Be sure to check your yahoo email. We sent photos yesterday,ham,0
Should I have picked up a receipt or something earlier,ham,0
"Fighting with the world is easy, u either win or lose bt fightng with some1 who is close to u is dificult if u lose - u lose if u win - u still lose.",ham,0
Uncle boye. I need movies oh. Guide me. Plus you know torrents are not particularly legal here. And the system is slowing down. What should i do. Have a gr8 day. Plus have you started cos i dont meet you online. How was the honey moon.,ham,0
Gud ni8 dear..slp well..take care..swt dreams..Muah..,ham,0
"Just checked out, heading out to drop off my stuff now",ham,0
Sometimes Heart Remembrs someone Very much... Forgets someone soon... Bcoz Heart will not like everyone. But liked ones will be Remembered Everytime... BSLVYL,ham,0
Ü still got lessons?  Ü in sch?,ham,0
Want 2 get laid tonight? Want real Dogging locations sent direct 2 ur mob? Join the UK's largest Dogging Network bt Txting GRAVEL to 69888! Nt. ec2a. 31p.msg@150p,spam,1
"Edison has rightly said, ""A fool can ask more questions than a wise man can answer"" Now you know why all of us are speechless during ViVa.. GM,GN,GE,GNT:-)",ham,0
Going to join tomorrow.,ham,0
"Goodmorning,my grandfather expired..so am on leave today.",ham,0
Please give it 2  or i will pick it up on Tuesday evening about 8 if that is ok.,ham,0
"Watching cartoon, listening music &amp; at eve had to go temple &amp; church.. What about u?",ham,0
Have a good trip. Watch out for . Remember when you get back we must decide about easter.,ham,0
Ok i am on the way to home hi hi,ham,0
A pure hearted person can have a wonderful smile that makes even his/her enemies to feel guilty for being an enemy.. So catch the world with your smile..:) GOODMORNING &amp; HAVE A SMILEY SUNDAY..:),ham,0
"Sorry, I'll call later",ham,0
Now am free call me pa.,ham,0
Tessy..pls do me a favor. Pls convey my birthday wishes to Nimya..pls dnt forget it. Today is her birthday Shijas,ham,0
"Sorry, I'll call later In meeting.",ham,0
"Sorry, I'll call later",ham,0
Probably earlier than that if the station's where I think it is,ham,0
"Helloooo... Wake up..! ""Sweet"" ""morning"" ""welcomes"" ""You"" ""Enjoy"" ""This Day"" ""with full of joy"".. ""GUD MRNG"".",ham,0
Dear how is chechi. Did you talk to her,ham,0
"Shit that is really shocking and scary, cant imagine for a second. Def up for night out. Do u think there is somewhere i could crash for night, save on taxi?",ham,0
Its good to hear from you,ham,0
K.k..how is your sister kids?,ham,0
"Sad story of a Man - Last week was my b'day. My Wife did'nt wish me. My Parents forgot n so did my Kids . I went to work. Even my Colleagues did not wish. As I entered my cabin my PA said, '' Happy B'day Boss !!''. I felt special. She askd me 4 lunch. After lunch she invited me to her apartment. We went there. She said,'' do u mind if I go into the bedroom for a minute ? '' ''OK'', I sed in a sexy mood. She came out 5 minuts latr wid a cake...n My Wife, My Parents, My Kidz, My Friends n My Colleagues. All screaming.. SURPRISE !! and I was waiting on the sofa.. ... ..... ' NAKED...!",ham,0
"FreeMsg: Claim ur 250 SMS messages-Text OK to 84025 now!Use web2mobile 2 ur mates etc. Join Txt250.com for 1.50p/wk. T&C BOX139, LA32WU. 16 . Remove txtX or stop",spam,1
Yes we are chatting too.,ham,0
When are you going to ride your bike?,ham,0
Haha... Hope ü can hear the receipt sound... Gd luck!,ham,0
Reading gud habit.. Nan bari hudgi yorge pataistha ertini kano:-),ham,0
"Hi, Mobile no.  &lt;#&gt;  has added you in their contact list on www.fullonsms.com It s a great place to send free sms to people For more visit fullonsms.com",ham,0
Not yet chikku..wat abt u?,ham,0
Are you angry with me. What happen dear,ham,0
"Ill call u 2mrw at ninish, with my address that icky American freek wont stop callin me 2 bad Jen k eh?",ham,0
I keep ten rs in my shelf:) buy two egg.,ham,0
Save money on wedding lingerie at www.bridal.petticoatdreams.co.uk Choose from a superb selection with national delivery. Brought to you by WeddingFriend,spam,1
Take something for pain. If it moves however to any side in the next 6hrs see a doctor.,ham,0
PRIVATE! Your 2004 Account Statement for 07742676969 shows 786 unredeemed Bonus Points. To claim call 08719180248 Identifier Code: 45239 Expires,spam,1
You are a very very very very bad girl. Or lady.,ham,0
When did you get to the library,ham,0
"Me, i dont know again oh",ham,0
"This is the 2nd time we have tried 2 contact u. U have won the 750 Pound prize. 2 claim is easy, call 08712101358 NOW! Only 10p per min. BT-national-rate",spam,1
Now that you have started dont stop. Just pray for more good ideas and anything i see that can help you guys i.ll forward you a link.,ham,0
I have to take exam with in march 3,ham,0
In da car park ,ham,0
on hen night. Going with a swing,ham,0
Have you finished work yet? :),ham,0
I cant pick the phone right now. Pls send a message,ham,0
"Pete,is this your phone still? Its Jenny from college and Leanne.what are you up to now?:)",ham,0
Never blame a day in ur life. Good days give u happiness. Bad days give u experience. Both are essential in life! All are Gods blessings! good morning.:,ham,0
I.ll get there tomorrow and send it to you,ham,0
Yunny... I'm goin to be late,ham,0
"Miss ya, need ya, want ya, love ya.",ham,0
"I think we're going to finn's now, come",ham,0
Ok thanx...,ham,0
"Sorry, I'll call later",ham,0
I sent them. Do you like?,ham,0
"Honeybee Said: *I'm d Sweetest in d World* God Laughed &amp; Said: *Wait,U Havnt Met d Person Reading This Msg* MORAL: Even GOD Can Crack Jokes! GM+GN+GE+GN:)",ham,0
"Sorry, I'll call later  &lt;#&gt; mins",ham,0
Chk in ur belovd ms dict,ham,0
Just seeing your missed call my dear brother. Do have a gr8 day.,ham,0
"Sorry chikku, my cell got some problem thts y i was nt able to reply u or msg u..",ham,0
Hey they r not watching movie tonight so i'll prob b home early...,ham,0
Dont put your phone on silent mode ok,ham,0
"Spook up your mob with a Halloween collection of a logo & pic message plus a free eerie tone, txt CARD SPOOK to 8007 zed 08701417012150p per logo/pic",spam,1
"Urgent! call 09061749602 from Landline. Your complimentary 4* Tenerife Holiday or £10,000 cash await collection SAE T&Cs BOX 528 HP20 1YF 150ppm 18+",spam,1
"Aight, tomorrow around  &lt;#&gt;  it is",ham,0
I have gone into get info bt dont know what to do,ham,0
Urgent! Please call 09061213237 from landline. £5000 cash or a luxury 4* Canary Islands Holiday await collection. T&Cs SAE PO Box 177. M227XY. 150ppm. 16+,spam,1
Was playng 9 doors game and gt racing on phone lol,ham,0
Valentines Day Special! Win over £1000 in our quiz and take your partner on the trip of a lifetime! Send GO to 83600 now. 150p/msg rcvd. CustCare:08718720201,spam,1
Sent me de webadres for geting salary slip,ham,0
Your gonna have to pick up a $1 burger for yourself on your way home. I can't even move. Pain is killing me.,ham,0
I will be gentle princess! We will make sweet gentle love...,ham,0
Reply to win £100 weekly! Where will the 2006 FIFA World Cup be held? Send STOP to 87239 to end service,spam,1
U come n search tat vid..not finishd..,ham,0
Ü still attending da talks?,ham,0
Hasn't that been the pattern recently crap weekends?,ham,0
if you aren't here in the next  &lt;#&gt;  hours imma flip my shit,ham,0
How u doin baby girl ?? hope u are okay every time I call ure phone is off! I miss u get in touch,ham,0
Pls speak to that customer machan.,ham,0
"Wow ... I love you sooo much, you know ? I can barely stand it ! I wonder how your day goes and if you are well, my love ... I think of you and miss you",ham,0
U sure u can't take any sick time?,ham,0
Huh but i got lesson at 4 lei n i was thinkin of going to sch earlier n i tot of parkin at kent vale...  ,ham,0
"Oh right, ok. I'll make sure that i do loads of work during the day!  got a really nasty cough today and is dry n shot so that should really help it!",ham,0
"YOUR CHANCE TO BE ON A REALITY FANTASY SHOW call now = 08707509020 Just 20p per min NTT Ltd, PO Box 1327 Croydon CR9 5WB 0870 is a national = rate call.",spam,1
You still around? I could use a half-8th,ham,0
"Got what it takes 2 take part in the WRC Rally in Oz? U can with Lucozade Energy! Text RALLY LE to 61200 (25p), see packs or lucozade.co.uk/wrc & itcould be u!",spam,1
One small prestige problem now.,ham,0
"I hav almost reached. Call, i m unable to connect u.",ham,0
Where is it. Is there any opening for mca.,ham,0
Text PASS to 69669 to collect your polyphonic ringtones. Normal gprs charges apply only. Enjoy your tones,spam,1
"Yo, you at jp and hungry like a mofo?",ham,0
Can you let me know details of fri when u find out cos I'm not in tom or fri. mentionned chinese. Thanks,ham,0
"Babe ! How goes that day ? What are you doing ? Where are you ? I sip my cappuccino and think of you, my love ... I send a kiss to you from across the sea",ham,0
"The fact that you're cleaning shows you know why i'm upset. Your priority is constantly ""what i want to do,"" not ""what i need to do.""",ham,0
"That's cool, I'll come by like  &lt;#&gt; ish",ham,0
"Good afternoon sunshine! How dawns that day ? Are we refreshed and happy to be alive? Do we breathe in the air and smile ? I think of you, my love ... As always",ham,0
Where at were hungry too,ham,0
What about this one then.,ham,0
Tell me they're female :V how're you throwing in? We're deciding what all to get now,ham,0
Yup ok...,ham,0
"Congratulations! Thanks to a good friend U have WON the £2,000 Xmas prize. 2 claim is easy, just call 08718726971 NOW! Only 10p per minute. BT-national-rate.",spam,1
Ok lor... But buy wat?,ham,0
"No I'm good for the movie, is it ok if I leave in an hourish?",ham,0
Just send a text. We'll skype later.,ham,0
"New Mobiles from 2004, MUST GO! Txt: NOKIA to No: 89545 & collect yours today! From ONLY £1. www.4-tc.biz 2optout 087187262701.50gbp/mtmsg18 TXTAUCTION.",spam,1
Tessy..pls do me a favor. Pls convey my birthday wishes to Nimya..pls dnt forget it. Today is her birthday Shijas,ham,0
"Nah, I'm a perpetual DD",ham,0
Send a logo 2 ur lover - 2 names joined by a heart. Txt LOVE NAME1 NAME2 MOBNO eg LOVE ADAM EVE 07123456789 to 87077 Yahoo! POBox36504W45WQ TxtNO 4 no ads 150p,spam,1
But that's on ebay it might be less elsewhere.,ham,0
"wow. You're right! I didn't mean to do that. I guess once i gave up on boston men and changed my search location to nyc, something changed. Cuz on my signin page it still says boston.",ham,0
IM GONNAMISSU SO MUCH!!I WOULD SAY IL SEND U A POSTCARD BUTTHERES ABOUTAS MUCH CHANCE OF MEREMEMBERIN ASTHERE IS OFSI NOT BREAKIN HIS CONTRACT!! LUV Yaxx,ham,0
"You aren't coming home between class, right? I need to work out and shower!",ham,0
I don't know u and u don't know me. Send CHAT to 86688 now and let's find each other! Only 150p/Msg rcvd. HG/Suite342/2Lands/Row/W1J6HL LDN. 18 years or over.,spam,1
I will treasure every moment we spend together...,ham,0
Reverse is cheating. That is not mathematics.,ham,0
Dear i have reache room,ham,0
Oh. U must have taken your REAL Valentine out shopping first.,ham,0
Once free call me sir.,ham,0
JADE ITS PAUL. Y DIDNT U TXT ME? DO U REMEMBER ME FROM BARMED? I WANT 2 TALK 2 U! TXT ME,ham,0
"Call me da, i am waiting for your call.",ham,0
Joy's father is John. Then John is the ____ of Joy's father. If u ans ths you hav  &lt;#&gt;  IQ. Tis s IAS question try to answer.,ham,0
"Sorry I missed you babe. I was up late and slept in. I hope you enjoy your driving lesson, boytoy. I miss you too ... *teasing kiss*",ham,0
"Aight text me when you're back at mu and I'll swing by, need somebody to get the door for me",ham,0
Hey r ü still online? I've finished the formatting...,ham,0
God created gap btwn ur fingers so dat sum1 vry special will fill those gaps by holding ur hands.. Now plz dont ask y he created so much gap between legs !!!,ham,0
I'm good. Have you registered to vote?,ham,0
"Received, understood n acted upon!",ham,0
"Short But Cute: ""Be a good person, but dont try to prove it.."" .Gud noon....",ham,0
"chile, please! It's only a  &lt;DECIMAL&gt;  hour drive for me. I come down all the time and will be subletting feb-april for audition season.",ham,0
U havent lost me ill always b here 4u.i didnt intend 2 hurt u but I never knew how u felt about me when Iwas+marine&thats what itried2tell urmom.i careabout u,ham,0
Yes I know the cheesy songs from frosty the snowman :),ham,0
ok. I am a gentleman and will treat you with dignity and respect.,ham,0
Kindly send some one to our flat before  &lt;DECIMAL&gt;  today.,ham,0
"Sorry, I'll call later",ham,0
I am great! How are you?,ham,0
Fuck cedar key and fuck her (come over anyway tho),ham,0
Mmm thats better now i got a roast down me! id b better if i had a few drinks down me 2! Good indian?,ham,0
I'm at home. Please call,ham,0
FREE camera phones with linerental from 4.49/month with 750 cross ntwk mins. 1/2 price txt bundle deals also avble. Call 08001950382 or call2optout/J MF,spam,1
URGENT! We are trying to contact U Todays draw shows that you have won a £800 prize GUARANTEED. Call 09050000460 from land line. Claim J89. po box245c2150pm,spam,1
No de.am seeing in online shop so that i asked.,ham,0
"K, my roommate also wants a dubsack and another friend may also want some so plan on bringing extra, I'll tell you when they know for sure",ham,0
"Wait that's still not all that clear, were you not sure about me being sarcastic or that that's why x doesn't want to live with us",ham,0
Now only i reached home. . . I am very tired now. . I will come tomorro,ham,0
Thanks for yesterday sir. You have been wonderful. Hope you enjoyed the burial. MojiBiola,ham,0
Oh k. . I will come tomorrow,ham,0
Am I the only one who doesn't stalk profiles?,ham,0
I want to see your pretty pussy...,ham,0
Do you want a New Nokia 3510i colour phone DeliveredTomorrow? With 300 free minutes to any mobile + 100 free texts + Free Camcorder reply or call 08000930705.,spam,1
I gotta collect da car at 6 lei.,ham,0
Actually I decided I was too hungry so I haven't left yet :V,ham,0
Wat r u doing?,ham,0
"You have been specially selected to receive a ""3000 award! Call 08712402050 BEFORE the lines close. Cost 10ppm. 16+. T&Cs apply. AG Promo",spam,1
"Arms fine, how's Cardiff and uni? ",ham,0
Thanks for your subscription to Ringtone UK your mobile will be charged £5/month Please confirm by replying YES or NO. If you reply NO you will not be charged,spam,1
Pls dont forget to study,ham,0
FREE for 1st week! No1 Nokia tone 4 ur mob every week just txt NOKIA to 8007 Get txting and tell ur mates www.getzed.co.uk POBox 36504 W45WQ norm150p/tone 16+,spam,1
"Gr8 Poly tones 4 ALL mobs direct 2u rply with POLY TITLE to 8007 eg POLY BREATHE1 Titles: CRAZYIN, SLEEPINGWITH, FINEST, YMCA :getzed.co.uk POBox365O4W45WQ 300p",spam,1
Our ride equally uneventful - not too many of those pesky cyclists around at that time of night ;).,ham,0
I'm on my way home. Went to change batt 4 my watch then go shop a bit lor.,ham,0
Sounds great! Are you home now?,ham,0
Ladies first and genus second k .,ham,0
Lol wtf random. Btw is that your lunch break,ham,0
"Haha awesome, omw back now then",ham,0
At home also.,ham,0
Come by our room at some point so we can iron out the plan for this weekend,ham,0
Customer place i will call you,ham,0
Lol yep did that yesterday. Already got my fireplace. Now its just another icon sitting there for me.,ham,0
Nutter. Cutter. Ctter. Cttergg. Cttargg. Ctargg. Ctagg. ie you,ham,0
"Someone U know has asked our dating service 2 contact you! Cant guess who? CALL 09058095107 NOW all will be revealed. POBox 7, S3XY 150p ",spam,1
When you guys planning on coming over?,ham,0
Try to do something dear. You read something for exams,ham,0
U still havent got urself a jacket ah?,ham,0
"Dear,regret i cudnt pick call.drove down frm ctla now at cochin home.left mobile in car..ente style ishtamayoo?happy bakrid!",ham,0
No da. . Vijay going to talk in jaya tv,ham,0
PICK UR FONE UP NOW U DUMB?,ham,0
So there's a ring that comes with the guys costumes. It's there so they can gift their future yowifes. Hint hint,ham,0
"Oh my god! I've found your number again! I'm so glad, text me back xafter this msgs cst std ntwk chg £1.50",spam,1
"And how you will do that, princess? :)",ham,0
Welcome! Please reply with your AGE and GENDER to begin. e.g 24M,spam,1
You please give us connection today itself before  &lt;DECIMAL&gt;  or refund the bill,ham,0
Good night. Am going to sleep.,ham,0
"New Theory: Argument wins d SITUATION, but loses the PERSON. So dont argue with ur friends just.. . . . kick them &amp; say, I'm always correct.!",ham,0
For The First Time In The History 'Need' 'Comfort' And 'Luxury' Are Sold At Same Price In India..!! Onion-Rs. &lt;#&gt;  Petrol-Rs. &lt;#&gt;  Beer-Rs. &lt;#&gt;  SHESIL  &lt;#&gt;,ham,0
Hey are we going for the lo lesson or gym? ,ham,0
What time is ur flight tmr?,ham,0
As if i wasn't having enough trouble sleeping.,ham,0
Dear how you. Are you ok?,ham,0
"Go until jurong point, crazy.. Available only in bugis n great world la e buffet... Cine there got amore wat...",ham,0
I cant pick the phone right now. Pls send a message,ham,0
from www.Applausestore.com MonthlySubscription@50p/msg max6/month T&CsC web age16 2stop txt stop,spam,1
"URGENT! You have won a 1 week FREE membership in our £100,000 Prize Jackpot! Txt the word: CLAIM to No: 81010 T&C www.dbuk.net LCCLTD POBOX 4403LDNW1A7RW18",spam,1
Tomorrow i am not going to theatre. . . So i can come wherever u call me. . . Tell me where and when to come tomorrow,ham,0
Ya very nice. . .be ready on thursday,ham,0
"Ah, well that confuses things, doesnt it? I thought was friends with now. Maybe i did the wrong thing but i already sort of invited -tho he may not come cos of money.",ham,0
Hope you are not scared!,ham,0
Ok cool. See ya then.,ham,0
Your brother is a genius,ham,0
"I promise to take good care of you, princess. I have to run now. Please send pics when you get a chance. Ttyl!",ham,0
And is there a way you can send shade's stuff to her. And she has been wonderful too.,ham,0
important information 4 orange user . today is your lucky day!2find out why log onto http://www.urawinner.com THERE'S A FANTASTIC SURPRISE AWAITING YOU!,spam,1
"Yeah probably, I still gotta check out with leo",ham,0
Dhoni have luck to win some big title.so we will win:),ham,0
"No! But we found a diff farm shop to buy some cheese. On way back now, can i call in?",ham,0
Am slow in using biola's fne,ham,0
At the funeral home with Audrey and dad,ham,0
She.s find. I sent you an offline message to know how anjola's now.,ham,0
Wylie update: my weed dealer carlos went to freedom and had a class with lunsford,ham,0
Oh sorry please its over,ham,0
What happen to her tell the truth,ham,0
Is there any training tomorrow?,ham,0
I cant pick the phone right now. Pls send a message,ham,0
Sorry da. I gone mad so many pending works what to do.,ham,0
Buy one egg for me da..please:),ham,0
URGENT We are trying to contact you Last weekends draw shows u have won a £1000 prize GUARANTEED Call 09064017295 Claim code K52 Valid 12hrs 150p pm,spam,1
Dear reached railway. What happen to you,ham,0
Purity of friendship between two is not about smiling after reading the forwarded message..Its about smiling just by seeing the name. Gud evng musthu,ham,0
"UpgrdCentre Orange customer, you may now claim your FREE CAMERA PHONE upgrade for your loyalty. Call now on 0207 153 9153. Offer ends 26th July. T&C's apply. Opt-out available",spam,1
I need... Coz i never go before ,ham,0
"House-Maid is the murderer, coz the man was murdered on  &lt;#&gt; th January.. As public holiday all govt.instituitions are closed,including post office..understand?",ham,0
Ok i msg u b4 i leave my house.,ham,0
Ok. How many should i buy.,ham,0
Where to get those?,ham,0
"As usual..iam fine, happy &amp; doing well..:)",ham,0
"You've won tkts to the EURO2004 CUP FINAL or £800 CASH, to collect CALL 09058099801 b4190604, POBOX 7876150ppm",spam,1
I dont thnk its a wrong calling between us,ham,0
Ok i'm coming home now.,ham,0
"Win the newest “Harry Potter and the Order of the Phoenix (Book 5) reply HARRY, answer 5 questions - chance to be the first among readers!",spam,1
"Sorry, I'll call later",ham,0
"Hey , is * rite u put »10 evey mnth is that all?",ham,0
What class of  &lt;#&gt;  reunion?,ham,0
"Once a fishrman woke early in d mrng. It was very dark. He waited a while &amp; found a sack ful of stones. He strtd throwin thm in2 d sea 2 pass time. Atlast he had jus 1stone, sun rose up &amp; he found out tht those r nt stones, those were diamonds. Moral:""Dont wake up early in d mrng'' GOOD night",ham,0
I am taking you for italian food. How about a pretty dress with no panties? :),ham,0
I went to ur hon lab but no one is there.,ham,0
Nan sonathaya soladha. Why boss?,ham,0
Siva is in hostel aha:-.,ham,0
U wake up already? Thanx 4 e tau sar piah it's quite nice.,ham,0
Po de :-):):-):-):-). No need job aha.,ham,0
I've reached already.,ham,0
Text BANNEDUK to 89555 to see! cost 150p textoperator g696ga 18+ XXX,spam,1
How are you enjoying this semester? Take care brother.,ham,0
Lol please do. Actually send a pic of yourself right now. I wanna see. Pose with a comb and hair dryer or something.,ham,0
We walked from my moms. Right on stagwood pass right on winterstone left on victors hill. Address is &lt;#&gt;,ham,0
"FREE MESSAGE Activate your 500 FREE Text Messages by replying to this message with the word FREE For terms & conditions, visit www.07781482378.com",spam,1
You have won a Nokia 7250i. This is what you get when you win our FREE auction. To take part send Nokia to 86021 now. HG/Suite342/2Lands Row/W1JHL 16+,spam,1
Honey boo I'm missing u.,ham,0
Lolnice. I went from a fish to ..water.?,ham,0
I am not at all happy with what you saying or doing,ham,0
R u meeting da ge at nite tmr?,ham,0
How stupid to say that i challenge god.You dont think at all on what i write instead you respond immed.,ham,0
Shall I bring us a bottle of wine to keep us amused? Only joking! I‘ll bring one anyway,ham,0
By monday next week. Give me the full gist,ham,0
"Buzz! Hey, my Love ! I think of you and hope your day goes well. Did you sleep in ? I miss you babe. I long for the moment we are together again*loving smile*",ham,0
Happy birthday to you....dear.with lots of love.rakhesh NRI,ham,0
"I'm gonna be home soon and i don't want to talk about this stuff anymore tonight, k? I've cried enough today.",ham,0
Let there be snow. Let there be snow. This kind of weather brings ppl together so friendships can grow.,ham,0
"(I should add that I don't really care and if you can't I can at least get this dude to fuck off but hey, your money if you want it)",ham,0
S:)8 min to go for lunch:),ham,0
"You know, wot people wear. T shirts, jumpers, hat, belt, is all we know. We r at Cribbs",ham,0
K...k...when will you give treat?,ham,0
"Just gettin a bit arty with my collages at the mo, well tryin 2 ne way! Got a roast in a min lovely i shall enjoy that!",ham,0
Am surfing online store. For offers do you want to buy any thing.,ham,0
You want to go? ,ham,0
Then we gotta do it after that,ham,0
Prabha..i'm soryda..realy..frm heart i'm sory,ham,0
S....s...india going to draw the series after many years in south african soil..,ham,0
Ok i vl..do u know i got adsense approved..,ham,0
Ok but tell me half an hr b4 u come i need 2 prepare.,ham,0
Just now saw your message.it k da:),ham,0
FREE for 1st week! No1 Nokia tone 4 ur mobile every week just txt NOKIA to 8077 Get txting and tell ur mates. www.getzed.co.uk POBox 36504 W45WQ 16+ norm150p/tone,spam,1
My love ... I hope your not doing anything drastic. Don't you dare sell your pc or your phone ...,ham,0
COME BACK TO TAMPA FFFFUUUUUUU,ham,0
Well there's a pattern emerging of my friends telling me to drive up and come smoke with them and then telling me that I'm a weed fiend/make them smoke too much/impede their doing other things so you see how I'm hesitant,ham,0
Cos daddy arranging time c wat time fetch ü mah...,ham,0
In other news after hassling me to get him weed for a week andres has no money. HAUGHAIGHGTUJHYGUJ,ham,0
Just normal only here :),ham,0
Cant think of anyone with * spare room off * top of my head,ham,0
Please reserve ticket on saturday eve from chennai to thirunelvali and again from tirunelvali to chennai on sunday eve...i already see in net..no ticket available..i want to book ticket through tackle ..,ham,0
Stupid.its not possible,ham,0
Are u coming to the funeral home,ham,0
Summers finally here! Fancy a chat or flirt with sexy singles in yr area? To get MATCHED up just reply SUMMER now. Free 2 Join. OptOut txt STOP Help08714742804,spam,1
I'm really sorry I lit your hair on fire,ham,0
Is she replying. Has boye changed his phone number,ham,0
Sunshine Quiz Wkly Q! Win a top Sony DVD player if u know which country Liverpool played in mid week? Txt ansr to 82277. £1.50 SP:Tyrone,spam,1
"Urgent! call 09066350750 from your landline. Your complimentary 4* Ibiza Holiday or 10,000 cash await collection SAE T&Cs PO BOX 434 SK3 8WP 150 ppm 18+ ",spam,1
"How's my loverboy doing ? What does he do that keeps him from coming to his Queen, hmmm ? Doesn't he ache to speak to me ? Miss me desparately ?",ham,0
"alright, I'll make sure the car is back tonight",ham,0
Ummmmmaah Many many happy returns of d day my dear sweet heart.. HAPPY BIRTHDAY dear,ham,0
Are you available for soiree on June 3rd?,ham,0
Well done ENGLAND! Get the official poly ringtone or colour flag on yer mobile! text TONE or FLAG to 84199 NOW! Opt-out txt ENG STOP. Box39822 W111WX £1.50,spam,1
Aiyah ok wat as long as got improve can already wat...,ham,0
YOU ARE CHOSEN TO RECEIVE A £350 AWARD! Pls call claim number 09066364311 to collect your award which you are selected to receive as a valued mobile customer.,spam,1
Watching tv now. I got new job :),ham,0
Ü v ma fan...,ham,0
Crucify is c not s. You should have told me earlier.,ham,0
Your opinion about me? 1. Over 2. Jada 3. Kusruthi 4. Lovable 5. Silent 6. Spl character 7. Not matured 8. Stylish 9. Simple Pls reply..,ham,0
"Remember all those whom i hurt during days of satanic imposter in me.need to pay a price,so be it.may destiny keep me going and as u said pray that i get the mind to get over the same.",ham,0
Hey what are you doing. Y no reply pa..,ham,0
Want explicit SEX in 30 secs? Ring 02073162414 now! Costs 20p/min,spam,1
Lol they were mad at first but then they woke up and gave in.,ham,0
Will be office around 4 pm. Now i am going hospital.,ham,0
Babe ? I lost you ... Will you try rebooting ?,ham,0
Rofl betta invest in some  anti aging products,ham,0
Let me know how it changes in the next 6hrs. It can even be appendix but you are out of that age range. However its not impossible. So just chill and let me know in 6hrs,ham,0
Am okay. Will soon be over. All the best,ham,0
Lmao ok I wont be needing u to do my hair anymore.,ham,0
"Sorry battery died, yeah I'm here",ham,0
I meant middle left or right?,ham,0
"Sorry, I can't text &amp; drive coherently, see you in twenty",ham,0
Mm umma ask vava also to come tell him can play later together,ham,0
Tell my  bad character which u Dnt lik in me. I'll try to change in  &lt;#&gt; . I ll add tat 2 my new year resolution. Waiting for ur reply.Be frank...good morning.,ham,0
PRIVATE! Your 2003 Account Statement for 078,spam,1
Congrats! Nokia 3650 video camera phone is your Call 09066382422 Calls cost 150ppm Ave call 3mins vary from mobiles 16+ Close 300603 post BCM4284 Ldn WC1N3XX,spam,1
Lol that's different. I don't go trying to find every real life photo you ever took.,ham,0
"Living is very simple.. Loving is also simple.. Laughing is too simple.. Winning is tooo simple.. But, being 'SIMPLE' is very difficult.. Gud nte.:-",ham,0
What's happening with you. Have you gotten a job and have you begun registration for permanent residency,ham,0
Sending you greetings of joy and happiness. Do have a gr8 evening,ham,0
Poor girl can't go one day lmao,ham,0
" came to look at the flat, seems ok, in his 50s? * Is away alot wiv work. Got woman coming at 6.30 too.",ham,0
Great News! Call FREEFONE 08006344447 to claim your guaranteed £1000 CASH or £2000 gift. Speak to a live operator NOW!,spam,1
"URGENT! Your mobile No 077xxx WON a £2,000 Bonus Caller Prize on 02/06/03! This is the 2nd attempt to reach YOU! Call 09066362206 ASAP! BOX97N7QP, 150ppm",spam,1
Y so late but i need to go n get da laptop...,ham,0
FROM 88066 LOST £12 HELP,spam,1
Can you use foreign stamps for whatever you send them off for? ,ham,0
"Right on brah, see you later",ham,0
I know that my friend already told that.,ham,0
"Are you sure you don't mean ""get here, we made you hold all the weed""",ham,0
You should get more chicken broth if you want ramen unless there's some I don't know about,ham,0
"Cool, text me when you're ready",ham,0
You made my day. Do have a great day too.,ham,0
I thank you so much for all you do with selflessness. I love you plenty.,ham,0
aathi..where are you dear..,ham,0
Enjoy urself tmr...,ham,0
Minimum walk is 3miles a day.,ham,0
Well. Balls. Time to make calls,ham,0
Anyway holla at me whenever you're around because I need an excuse to go creep on people in sarasota,ham,0
"Dear relieved of westonzoyland, all going to plan this end too!",ham,0
Jason says it's cool if we pick some up from his place in like an hour,ham,0
A £400 XMAS REWARD IS WAITING FOR YOU! Our computer has randomly picked you from our loyal mobile customers to receive a £400 reward. Just call 09066380611 ,spam,1
Hey you still want to go for yogasana? Coz if we end at cine then can go bathe and hav the steam bath,ham,0
"Two fundamentals of cool life: ""Walk, like you are the KING""...! OR ""Walk like you Dont care,whoever is the KING""!... Gud nyt",ham,0
"A bit of Ur smile is my hppnss, a drop of Ur tear is my sorrow, a part of Ur heart is my life, a heart like mine wil care for U, forevr as my GOODFRIEND",ham,0
Ok... Take ur time n enjoy ur dinner...,ham,0
I wanna watch that movie,ham,0
I don't know jack shit about anything or i'd say/ask something helpful but if you want you can pretend that I did and just text me whatever in response to the hypotheticalhuagauahahuagahyuhagga,ham,0
Haha... Yup hopefully  we will lose a few kg by mon. after hip hop can go orchard and weigh again,ham,0
So do you have samus shoulders yet,ham,0
O was not into fps then.,ham,0
"Actually, my mobile is full of msg. And i m doing a work online, where i need to send them  &lt;#&gt;  sent msg i wil explain u later.",ham,0
Oh ya ya. I remember da. .,ham,0
HARD BUT TRUE: How much you show &amp;  express your love to someone....that much it will hurt when they leave you or you get seperated...!鈥┾??〨ud evening...,ham,0
"Can you please ask macho what his price range is, does he want something new or used plus it he only interfued in the blackberry bold  &lt;#&gt;  or any bb",ham,0
Nothing but we jus tot u would ask cos u ba gua... But we went mt faber yest... Yest jus went out already mah so today not going out... Jus call lor...,ham,0
SMS AUCTION You have won a Nokia 7250i. This is what you get when you win our FREE auction. To take part send Nokia to 86021 now. HG/Suite342/2Lands Row/W1JHL 16+,spam,1
U are subscribed to the best Mobile Content Service in the UK for £3 per ten days until you send STOP to 83435. Helpline 08706091795.,spam,1
"No worries, hope photo shoot went well. have a spiffing fun at workage. ",ham,0
Yes:)here tv is always available in work place..,ham,0
"Hmm, too many of them unfortunately... Pics obviously arent hot cakes. Its kinda fun tho",ham,0
Imagine Life WITHOUT ME... see.. How fast u are searching me?Don't worry.. l'm always there To disturb U.. Goodnoon..:),ham,0
Ok.,ham,0
"House-Maid is the murderer, coz the man was murdered on  &lt;#&gt; th January.. As public holiday all govt.instituitions are closed,including post office..understand?",ham,0
"sure, but make sure he knows we ain't smokin yet",ham,0
You can jot down things you want to remember later.,ham,0
Yar lor... How u noe? U used dat route too?,ham,0
I will come with karnan car. Please wait till 6pm will directly goto doctor.,ham,0
Ay wana meet on sat?ü wkg on sat?,ham,0
Ill be at yours in about 3 mins but look out for me,ham,0
Sorry that was my uncle. I.ll keep in touch,ham,0
Are we doing the norm tomorrow? I finish just a 4.15 cos of st tests. Need to sort library stuff out at some point tomo - got letter from today - access til end march so i better get move on!,ham,0
Hey whats up? U sleeping all morning?,ham,0
hope things went well at 'doctors' ;) reminds me i still need 2go.did u c d little thing i left in the lounge?,ham,0
Wherre's my boytoy ? :-(,ham,0
BABE !!! I miiiiiiissssssssss you ! I need you !!! I crave you !!! :-( ... Geeee ... I'm so sad without you babe ... I love you ...,ham,0
Wrong phone! This phone! I answer this one but assume the other is people i don't well,ham,0
Goodmorning sleeping ga.,ham,0
Oh and by the way you do have more food in your fridge! Want to go out for a meal tonight? ,ham,0
4 oclock at mine. Just to bash out a flat plan.,ham,0
Yup... From what i remb... I think should be can book... ,ham,0
Great! I shoot big loads so get ready!,ham,0
"Cool, want me to go to kappa or should I meet you outside mu",ham,0
Good Luck! Draw takes place 28th Feb 06. Good Luck! For removal send STOP to 87239 customer services 08708034412,spam,1
S but mostly not like that.,ham,0
No * am working on the ringing u thing but have whole houseful of screaming brats so * am pulling my hair out! Loving u,ham,0
Im done. Just studyn in library,ham,0
"Haha... Where got so fast lose weight, thk muz go 4 a month den got effect... Gee,later we go aust put bk e weight.",ham,0
Lol boo I was hoping for a laugh,ham,0
Wewa is 130. Iriver 255. All 128 mb.,ham,0
Pansy! You've been living in a jungle for two years! Its my driving you should be more worried about!,ham,0
I am joining today formally.Pls keep praying.will talk later.,ham,0
Sun ah... Thk mayb can if dun have anythin on... Thk have to book e lesson... E pilates is at orchard mrt u noe hor...  ,ham,0
Olol i printed out a forum post by a guy with the exact same  prob which was fixed with a gpu replacement. Hopefully they dont ignore that.,ham,0
Have a good evening! Ttyl,ham,0
Hi' Test on  &lt;#&gt; rd ....,ham,0
Must come later.. I normally bathe him in da afternoon mah..,ham,0
But i'll b going 2 sch on mon. My sis need 2 take smth.,ham,0
Oops I was in the shower when u called. Hey a parking garage collapsed at university hospital. See I'm not crazy. Stuff like that DOES happen.,ham,0
I wnt to buy a BMW car urgently..its vry urgent.but hv a shortage of  &lt;#&gt; Lacs.there is no source to arng dis amt. &lt;#&gt; lacs..thats my prob,ham,0
IMPORTANT MESSAGE. This is a final contact attempt. You have important messages waiting out our customer claims dept. Expires 13/4/04. Call 08717507382 NOW!,spam,1
Black shirt n blue jeans... I thk i c ü...,ham,0
"Awesome question with a cute answer: Someone asked a boy ""how is ur life?"" . . He smiled &amp; answered: . . ""She is fine!"" Gudnite",ham,0
What are youdoing later? Sar xxx,ham,0
Keep my payasam there if rinu brings,ham,0
Are you plans with your family set in stone ?,ham,0
"Ok., is any problem to u frm him? Wats matter?",ham,0
Nice talking to you! please dont forget my pix :) i want to see all of you...,ham,0
I am in a marriage function,ham,0
I am not having her number sir,ham,0
"Sunshine Hols. To claim ur med holiday send a stamped self address envelope to Drinks on Us UK, PO Box 113, Bray, Wicklow, Eire. Quiz Starts Saturday! Unsub Stop",spam,1
Aiyah e rain like quite big leh. If drizzling i can at least run home.,ham,0
88800 and 89034 are premium phone services call 08718711108,spam,1
So is there anything specific I should be doing with regards to jaklin or what because idk what the fuck,ham,0
 and  picking them up from various points,ham,0
Mark works tomorrow. He gets out at 5. His work is by your house so he can meet u afterwards.,ham,0
Yup i've finished c ü there...,ham,0
"That's what I love to hear :V see you sundayish, then",ham,0
Urgent Please call 09066612661 from landline. £5000 cash or a luxury 4* Canary Islands Holiday await collection. T&Cs SAE award. 20M12AQ. 150ppm. 16+ “,spam,1
Y ü wan to go there? C doctor?,ham,0
"Today is ""song dedicated day.."" Which song will u dedicate for me? Send this to all ur valuable frnds but first rply me...",ham,0
Not a drop in the tank,ham,0
PRIVATE! Your 2003 Account Statement for shows 800 un-redeemed S.I.M. points. Call 08715203685 Identifier Code:4xx26 Expires 13/10/04,spam,1
I thk ü gotta go home by urself. Cos i'll b going out shopping 4 my frens present. ,ham,0
Why nothing. Ok anyway give me treat,ham,0
Where @,ham,0
Panasonic & BluetoothHdset FREE. Nokia FREE. Motorola FREE & DoubleMins & DoubleTxt on Orange contract. Call MobileUpd8 on 08000839402 or call 2optout,spam,1
HMM yeah if your not too grooved out! And im looking forward to my pound special :),ham,0
My trip was ok but quite tiring lor. Uni starts today but it's ok 4 me cos i'm not taking any modules but jus concentrating on my final yr project.,ham,0
"Sorry man, accidentally left my phone on silent last night and didn't check it til I got up",ham,0
Does daddy have a bb now.,ham,0
Tmr then ü brin lar... Aiya later i come n c lar... Mayb ü neva set properly ü got da help sheet wif ü...,ham,0
Thats cool! I am a gentleman and will treat you with dignity and respect.,ham,0
"FREE GAME. Get Rayman Golf 4 FREE from the O2 Games Arcade. 1st get UR games settings. Reply POST, then save & activ8. Press 0 key for Arcade. Termsapply",spam,1
Ok...,ham,0
Ü dun wan to watch infernal affair?,ham,0
Sorry. You never hear unless you book it. One was kinda a joke--thet were really looking for skinny white girls. The other was one line--you can only do so much on camera with that. Something like that they're casting on the look.,ham,0
Hurt me... Tease me... Make me cry... But in the end of my life when i die plz keep one rose on my grave and say STUPID I MISS U.. HAVE A NICE DAY BSLVYL,ham,0
All e best 4 ur exam later.,ham,0
I'll pick you up at about 5.15pm to go to taunton if you still want to come.,ham,0
"Honeybee Said: *I'm d Sweetest in d World* God Laughed &amp; Said: *Wait,U Havnt Met d Person Reading This Msg* MORAL: Even GOD Can Crack Jokes! GM+GN+GE+GN:)",ham,0
Omg I want to scream. I weighed myself and I lost more weight! Woohoo!,ham,0
Hope youre not having too much fun without me!! see u tomorrow love jess x,ham,0
"Night has ended for another day, morning has come in a special way. May you smile like the sunny rays and leaves your worries at the blue blue bay. Gud mrng",ham,0
Ok...,ham,0
INTERFLORA - It's not too late to order Interflora flowers for christmas call 0800 505060 to place your order before Midnight tomorrow.,spam,1
Yo you around? A friend of mine's lookin to pick up later tonight,ham,0
Long after I quit. I get on only like 5 minutes a day as it is.,ham,0
No. On the way home. So if not for the long dry spell the season would have been over,ham,0
"Science tells that chocolate will melt under the sunlight. Please don't walk under the sunlight. BCoz,I don't want to loss a sweet friend.",ham,0
"HI HUN! IM NOT COMIN 2NITE-TELL EVERY1 IM SORRY 4 ME, HOPE U AVA GOODTIME!OLI RANG MELNITE IFINK IT MITE B SORTED,BUT IL EXPLAIN EVERYTHIN ON MON.L8RS.x",ham,0
Exactly. Anyways how far. Is jide her to study or just visiting,ham,0
Ok...,ham,0
Just finished eating. Got u a plate. NOT leftovers this time.,ham,0
"I'm not smoking while people use ""wylie smokes too much"" to justify ruining my shit",ham,0
Hi:)cts employee how are you?,ham,0
WOT STUDENT DISCOUNT CAN U GET ON BOOKS?,ham,0
Anything lar...,ham,0
You got called a tool?,ham,0
Yeah just open chat and click friend lists. Then make the list. Easy as pie,ham,0
Wanna do some art?! :D,ham,0
"Call me. I m unable to cal. Lets meet bhaskar, and deep",ham,0
Thought we could go out for dinner. I'll treat you! Seem ok?,ham,0
"We are hoping to get away by 7, from Langport. You still up for town tonight?",ham,0
No but the bluray player can,ham,0
Where are you ? What are you doing ? Are yuou working on getting the pc to your mom's ? Did you find a spot that it would work ? I need you,ham,0
Hi where you. You in home or calicut?,ham,0
Life style garments account no please.,ham,0
Was actually sleeping and still might when u call back. So a text is gr8. You rock sis. Will send u a text wen i wake.,ham,0
"Yeah work is fine, started last week, all the same stuff as before, dull but easy and guys are fun!",ham,0
Yes! How is a pretty lady like you single?,ham,0
Hey company elama po mudyadhu.,ham,0
You have won a Nokia 7250i. This is what you get when you win our FREE auction. To take part send Nokia to 86021 now. HG/Suite342/2Lands Row/W1JHL 16+,spam,1
Hahaha..use your brain dear,ham,0
Everybody had fun this evening. Miss you.,ham,0
R U &SAM P IN EACHOTHER. IF WE MEET WE CAN GO 2 MY HOUSE,ham,0
watever reLation u built up in dis world only thing which remains atlast iz lonlines with lotz n lot memories! feeling..,ham,0
Gokila is talking with you aha:),ham,0
"Wen ur lovable bcums angry wid u, dnt take it seriously.. Coz being angry is d most childish n true way of showing deep affection, care n luv!.. kettoda manda... Have nice day da.",ham,0
K:)eng rocking in ashes:),ham,0
"Mum, hope you are having a great day. Hoping this text meets you well and full of life. Have a great day. Abiola",ham,0
Aiyo u so poor thing... Then u dun wan 2 eat? U bathe already?,ham,0
"I've got  &lt;#&gt; , any way I could pick up?",ham,0
Hmm...Bad news...Hype park plaza $700 studio taken...Only left 2 bedrm-$900...,ham,0
And maybe some pressies,ham,0
Do you know when the result.,ham,0
THING R GOOD THANX GOT EXAMS IN MARCH IVE DONE NO REVISION? IS FRAN STILL WITH BOYF? IVE GOTTA INTERVIW 4 EXETER BIT WORRIED!x,ham,0
Well there's still a bit left if you guys want to tonight,ham,0
"4 tacos + 1 rajas burrito, right?",ham,0
I was about to do it when i texted. I finished a long time ago and showered and er'ything!,ham,0
Great! I have to run now so ttyl!,ham,0
You are being ripped off! Get your mobile content from www.clubmoby.com call 08717509990 poly/true/Pix/Ringtones/Games six downloads for only 3,spam,1
Jesus christ bitch I'm trying to give you drugs answer your fucking phone,ham,0
"Okey dokey, i‘ll be over in a bit just sorting some stuff out.",ham,0
"Call me, i am senthil from hsbc.",ham,0
"Looks like you found something to do other than smoke, great job!",ham,0
HI DARLIN HOW WAS WORK DID U GET INTO TROUBLE? IJUST TALKED TO YOUR MUM ALL MORNING! I HAD A REALLY GOOD TIME LAST NIGHT IM GOIN OUT SOON BUT CALL ME IF U CAN,ham,0
"Sorry, I'll call later",ham,0
We stopped to get ice cream and will go back after,ham,0
Yes there were many sweets,ham,0
Then dun wear jeans lor...,ham,0
Also maaaan are you missing out,ham,0
"Yes..but they said its IT.,",ham,0
Natalie (20/F) is inviting you to be her friend. Reply YES-165 or NO-165 See her: www.SMS.ac/u/natalie2k9 STOP? Send STOP FRND to 62468,spam,1
"Japanese Proverb: If one Can do it, U too Can do it, If none Can do it,U must do it Indian version: If one Can do it, LET HIM DO it.. If none Can do it,LEAVE it!! And finally Kerala version: If one can do it, Stop him doing it.. If none can do it, Make a strike against it ...",ham,0
"Im cool ta luv but v.tired 2 cause i have been doin loads of planning all wk, we have got our social services inspection at the nursery! Take care & spk sn x.",ham,0
Dear good morning how you feeling dear,ham,0
K:)k.are you in college?,ham,0
"God picked up a flower and dippeditinaDEW, lovingly touched itwhichturnedinto u, and the he gifted tomeandsaid,THIS FRIEND IS 4U",ham,0
I'm home...,ham,0
This girl does not stay in bed. This girl doesn't need recovery time. Id rather pass out while having fun then be cooped up in bed,ham,0
So u wan 2 come for our dinner tonight a not?,ham,0
"It's ok, at least armand's still around",ham,0
Then why you not responding,ham,0
Oh yeah I forgot. U can only take 2 out shopping at once.,ham,0
Let's pool our money together and buy a bunch of lotto tickets. If we win I get &lt;#&gt; % u get &lt;#&gt; %. Deal?,ham,0
I actually did for the first time in a while. I went to bed not too long after i spoke with you. Woke up at 7. How was your night?,ham,0
"Aight, we'll head out in a few",ham,0
Btw regarding that we should really try to see if anyone else can be our 4th guy before we commit to a random dude,ham,0
Thanks for sending this mental ability question..,ham,0
S.this will increase the chance of winning.,ham,0
My exam is for february 4. Wish you a great day.,ham,0
"Also sir, i sent you an email about how to log into the usc payment portal. I.ll send you another message that should explain how things are back home. Have a great weekend.",ham,0
Yeah but which is worse for i,ham,0
Hmm...my uncle just informed me that he's paying the school directly. So pls buy food.,ham,0
When is school starting. Where will you stay. What's the weather like. And the food. Do you have a social support system like friends in the school. All these things are important.,ham,0
FREEMSG: Our records indicate you may be entitled to 3750 pounds for the Accident you had. To claim for free reply with YES to this msg. To opt out text STOP,spam,1
I cant wait to see you! How were the photos were useful? :),ham,0
When should I come over?,ham,0
Did you try making another butt.,ham,0
Ü wait 4 me in sch i finish ard 5..,ham,0
What r u cooking me for dinner?,ham,0
Hope you are having a great day.,ham,0
My birthday is on feb  &lt;#&gt;  da. .,ham,0
Yup. Izzit still raining heavily cos i'm in e mrt i can't c outside.,ham,0
Anything...,ham,0
Lol no. U can trust me.,ham,0
No she didnt. I will search online and let you know.,ham,0
Hello! How's you and how did saturday go? I was just texting to see if you'd decided to do anything tomo. Not that i'm trying to invite myself or anything!,ham,0
I am back. Bit long cos of accident on a30. Had to divert via wadebridge.I had a brilliant weekend thanks. Speak soon. Lots of love,ham,0
You lifted my hopes with the offer of money. I am in need. Especially when the end of the month approaches and it hurts my studying. Anyways have a gr8 weekend,ham,0
Cuz ibored. And don wanna study,ham,0
Lol alright i was thinkin that too haha,ham,0
For real tho this sucks. I can't even cook my whole electricity is out. And I'm hungry.,ham,0
Ok...,ham,0
Yeah right! I'll bring my tape measure fri!,ham,0
Fancy a shag? I do.Interested? sextextuk.com txt XXUK SUZY to 69876. Txts cost 1.50 per msg. TnCs on website. X,spam,1
Are your freezing ? Are you home yet ? Will you remember to kiss your mom in the morning? Do you love me ? Do you think of me ? Are you missing me yet ?,ham,0
"It's cool, let me know before it kicks off around  &lt;#&gt; , I'll be out and about all day",ham,0
You said to me before i went back to bed that you can't sleep for anything.,ham,0
Can ü call me at 10:10 to make sure dat i've woken up...,ham,0
Your opinion about me? 1. Over 2. Jada 3. Kusruthi 4. Lovable 5. Silent 6. Spl character 7. Not matured 8. Stylish 9. Simple Pls reply..,ham,0
"If you can make it any time tonight or whenever you can it's cool, just text me whenever you're around",ham,0
"Aight, I'm chillin in a friend's room so text me when you're on the way",ham,0
RT-KIng Pro Video Club>> Need help? info@ringtoneking.co.uk or call 08701237397 You must be 16+ Club credits redeemable at www.ringtoneking.co.uk! Enjoy!,spam,1
Please call Amanda with regard to renewing or upgrading your current T-Mobile handset free of charge. Offer ends today. Tel 0845 021 3680 subject to T's and C's,spam,1
From tomorrow onwards eve 6 to 3 work.,ham,0
I accidentally deleted the message. Resend please.,ham,0
Good. Good job. I like entrepreneurs,ham,0
I'm hungry buy smth home...,ham,0
On the road so cant txt,ham,0
U calling me right? Call my hand phone...,ham,0
"Spook up your mob with a Halloween collection of a logo & pic message plus a free eerie tone, txt CARD SPOOK to 8007 zed 08701417012150p per logo/pic ",spam,1
Ya i knw u vl giv..its ok thanks kano..anyway enjoy wit ur family wit 1st salary..:-);-),ham,0
"I know you are thinkin malaria. But relax, children cant handle malaria. She would have been worse and its gastroenteritis. If she takes enough to replace her loss her temp will reduce. And if you give her malaria meds now she will just vomit. Its a self limiting illness she has which means in a few days it will completely stop",ham,0
"Ok thats cool. Its , just off either raglan rd or edward rd. Behind the cricket ground. Gimme ring when ur closeby see you tuesday.",ham,0
Wow v v impressed. Have funs shopping!,ham,0
"Solve d Case : A Man Was Found Murdered On  &lt;DECIMAL&gt; . &lt;#&gt;  AfterNoon. 1,His wife called Police. 2,Police questioned everyone. 3,Wife: Sir,I was sleeping, when the murder took place. 4.Cook: I was cooking. 5.Gardener: I was picking vegetables. 6.House-Maid: I went 2 d post office. 7.Children: We went 2 play. 8.Neighbour: We went 2 a marriage. Police arrested d murderer Immediately. Who's It? Reply With Reason, If U r Brilliant.",ham,0
Nobody names their penis a girls name this story doesn't add up at all,ham,0
Those ducking chinchillas,ham,0
"Like  &lt;#&gt; , same question",ham,0
I also thk too fast... Xy suggest one not me. U dun wan it's ok. Going 2 rain leh where got gd.,ham,0
"Ela kano.,il download, come wen ur free..",ham,0
I'm ok wif it cos i like 2 try new things. But i scared u dun like mah. Cos u said not too loud.,ham,0
"Fun fact: although you would think armand would eventually build up a tolerance or some shit considering how much he smokes, he gets fucked up in like 2 hits",ham,0
It means u could not keep ur words.,ham,0
What time you coming down later? ,ham,0
HIYA COMIN 2 BRISTOL 1 ST WEEK IN APRIL. LES GOT OFF + RUDI ON NEW YRS EVE BUT I WAS SNORING.THEY WERE DRUNK! U BAK AT COLLEGE YET? MY WORK SENDS INK 2 BATH.,ham,0
Yar but they say got some error.,ham,0
"Hmm... Dunno leh, mayb a bag 4 goigng out dat is not too small. Or jus anything except perfume, smth dat i can keep.",ham,0
I will reach ur home in  &lt;#&gt;  minutes,ham,0
Nope but i'll b going 2 sch on fri quite early lor cos mys sis got paper in da morn :-),ham,0
Your opinion about me? 1. Over 2. Jada 3. Kusruthi 4. Lovable 5. Silent 6. Spl character 7. Not matured 8. Stylish 9. Simple Pls reply..,ham,0
Your bill at 3 is £33.65 so thats not bad!,ham,0
Anything lor if they all go then i go lor...,ham,0
Was doing my test earlier. I appreciate you. Will call you tomorrow.,ham,0
"Hi, this is Mandy Sullivan calling from HOTMIX FM...you are chosen to receive £5000.00 in our Easter Prize draw.....Please telephone 09041940223 to claim before 29/03/05 or your prize will be transferred to someone else....",spam,1
You stayin out of trouble stranger!!saw Dave the other day hes sorted now!still with me bloke when u gona get a girl MR!ur mum still Thinks we will get 2GETHA! ,ham,0
"life alle mone,eppolum oru pole allalo",ham,0
Da is good good player.why he is unsold.,ham,0
"Didn't try, g and I decided not to head out",ham,0
"I don,t think so. You don't need to be going out that late on a school night. ESPECIALLY when the one class you have is the one you missed last wednesday and probably failed a test in on friday",ham,0
Tired. I haven't slept well the past few nights.,ham,0
"Yeah sure, give me a couple minutes to track down my wallet",ham,0
"Perhaps * is much easy give your account identification, so i will tomorrow at UNI",ham,0
Yup but it's not giving me problems now so mayb i'll jus leave it...,ham,0
If i said anything wrong sorry de:-),ham,0
It took Mr owl 3 licks,ham,0
I thk 530 lor. But dunno can get tickets a not. Wat u doing now?,ham,0
Please tell me not all of my car keys are in your purse,ham,0
Dont kick coco when he's down,ham,0
They released vday shirts and when u put it on it makes your bottom half naked instead of those white underwear.,ham,0
Lol where do u come up with these ideas?,ham,0
My uncles in Atlanta. Wish you guys a great semester.,ham,0
", ow u dey.i paid 60,400thousad.i told  u would call . ",ham,0
I love working from home :),ham,0
I jokin oni lar.. Ü busy then i wun disturb ü.,ham,0
I don wake since. I checked that stuff and saw that its true no available spaces. Pls call the embassy or send a mail to them.,ham,0
Moji i love you more than words. Have a rich day,ham,0
On ma way to school. Can you pls send me ashley's number,ham,0
Thanks. It was only from tescos but quite nice. All gone now. Speak soon ,ham,0
We are okay. Going to sleep now. Later,ham,0
Thanks for being there for me just to talk to on saturday. You are very dear to me. I cherish having you as a brother and role model.,ham,0
Mode men or have you left.,ham,0
Wake me up at  &lt;#&gt;  am morning:),ham,0
Unlimited texts. Limited minutes.,ham,0
I don know account details..i will ask my mom and send you.my mom is out of reach now.,ham,0
I realise you are a busy guy and i'm trying not to be a bother. I have to get some exams outta the way and then try the cars. Do have a gr8 day,ham,0
"Men always needs a beautiful, intelligent, caring, loving, adjustable, cooperative wife. But the law allows only one wife....",ham,0
"Fighting with the world is easy, u either win or lose bt fightng with some1 who is close to u is dificult if u lose - u lose if u win - u still lose.",ham,0
"Ya tel, wats ur problem..",ham,0
"And very importantly, all we discuss is between u and i only.",ham,0
O we cant see if we can join denis and mina? Or does denis want alone time,ham,0
Hi its me you are probably having too much fun to get this message but i thought id txt u cos im bored! and james has been farting at me all night,ham,0
U don't know how stubborn I am. I didn't even want to go to the hospital. I kept telling Mark I'm not a weak sucker. Hospitals are for weak suckers.,ham,0
You'll never believe this but i have actually got off at taunton. Wow,ham,0
No one interested. May be some business plan.,ham,0
get ready to moan and scream :),ham,0
I'm at home n ready...,ham,0
"(And my man carlos is definitely coming by mu tonight, no excuses)",ham,0
Maybe i could get book out tomo then return it immediately ..? Or something.,ham,0
Why she wants to talk to me,ham,0
WIN a year supply of CDs 4 a store of ur choice worth £500 & enter our £100 Weekly draw txt MUSIC to 87066 Ts&Cs www.Ldew.com.subs16+1win150ppmx3,spam,1
Pls help me tell Ashley that i cant find her number oh,ham,0
K:)k..its good:)when are you going?,ham,0
"WELL DONE! Your 4* Costa Del Sol Holiday or £5000 await collection. Call 09050090044 Now toClaim. SAE, TCs, POBox334, Stockport, SK38xh, Cost£1.50/pm, Max10mins",spam,1
"Its ok, if anybody asks abt me, u tel them..:-P",ham,0
I'm at home. Please call,ham,0
i dnt wnt to tlk wid u,ham,0
Leaving to qatar tonite in search of an opportunity.all went fast.pls add me in ur prayers dear.Rakhesh,ham,0
Can come my room but cannot come my house cos my house still messy... Haha...,ham,0
I see the letter B on my car,ham,0
I anything lor.,ham,0
Will purchase d stuff today and mail to you. Do you have a po box number?,ham,0
"Erm... Woodland avenue somewhere. Do you get the parish magazine, his telephone number will be in there.",ham,0
Oic cos me n my sis got no lunch today my dad went out... So dunno whether 2 eat in sch or wat...,ham,0
Aiya we discuss later lar... Pick ü up at 4 is it?,ham,0
Well if I'm that desperate I'll just call armand again,ham,0
Sent me ur email id soon,ham,0
Nope i waiting in sch 4 daddy... ,ham,0
I'm done...,ham,0
"Hi, my love! How goes that day? Fuck, this morning I woke and dropped my cell on the way down the stairs but it seems alright ... *phews* I miss you !",ham,0
Captain is in our room:),ham,0
Finished class where are you.,ham,0
PRIVATE! Your 2003 Account Statement for shows 800 un-redeemed S. I. M. points. Call 08718738002 Identifier Code: 48922 Expires 21/11/04,spam,1
CLAIRE here am havin borin time & am now alone U wanna cum over 2nite? Chat now 09099725823 hope 2 C U Luv CLAIRE xx Calls£1/minmoremobsEMSPOBox45PO139WA,spam,1
I see a cup of coffee animation,ham,0
"Alright, we're all set here, text the man",ham,0
Gud mrng dear hav a nice day,ham,0
Only 2% students solved this CAT question in 'xam... 5+3+2= &lt;#&gt;  9+2+4= &lt;#&gt;  8+6+3= &lt;#&gt;  then 7+2+5=????? Tell me the answer if u r brilliant...1thing.i got d answr.,ham,0
Watching tv lor...,ham,0
I'll talk to the others and probably just come early tomorrow then,ham,0
Congratulations YOU'VE Won. You're a Winner in our August £1000 Prize Draw. Call 09066660100 NOW. Prize Code 2309.,spam,1
Of course ! Don't tease me ... You know I simply must see ! *grins* ... Do keep me posted my prey ... *loving smile* *devouring kiss*,ham,0
Please sen :)my kind advice :-)please come here and try:-),ham,0
"Yeah, probably but not sure. Ilol let u know, but personally I wuldnt bother, then again if ur goin to then I mite as well!!",ham,0
Stupid auto correct on my phone,ham,0
I will see in half an hour,ham,0
Yes its possible but dint try. Pls dont tell to any one k,ham,0
Hey i'm bored... So i'm thinking of u... So wat r u doing?,ham,0
"Goodmorning, today i am late for 1hr.",ham,0
I had it already..sabarish asked me to go..,ham,0
U definitely need a module from e humanities dis sem izzit? U wan 2 take other modules 1st?,ham,0
Ok can...,ham,0
"Time n Smile r the two crucial things in our life. Sometimes time makes us to forget smile, and sometimes someone's smile makes us to forget time gud noon",ham,0
SMS. ac Sptv: The New Jersey Devils and the Detroit Red Wings play Ice Hockey. Correct or Incorrect? End? Reply END SPTV,spam,1
I dled 3d its very imp,ham,0
"Ya, told..she was asking wats matter?",ham,0
"How long before you get reply, just defer admission til next semester",ham,0
FREE entry into our £250 weekly comp just send the word WIN to 80086 NOW. 18 T&C www.txttowin.co.uk,spam,1
"Yo, I'm at my parents' gettin cash. Good news: we picked up a downstem",ham,0
Do you want a New Nokia 3510i Colour Phone Delivered Tomorrow? With 200 FREE minutes to any mobile + 100 FREE text + FREE camcorder Reply or Call 8000930705,spam,1
"SMSSERVICES. for yourinclusive text credits, pls goto www.comuk.net login= 3qxj9 unsubscribe with STOP, no extra charge. help 08702840625.COMUK. 220-CM2 9AE",spam,1
I'll text you when I drop x off,ham,0
4mths half price Orange line rental & latest camera phones 4 FREE. Had your phone 11mths+? Call MobilesDirect free on 08000938767 to update now! or2stoptxt T&Cs,spam,1
"Aight, I'll hit you up when I get some cash",ham,0
I'm wif him now buying tix lar...,ham,0
"U can WIN £100 of Music Gift Vouchers every week starting NOW Txt the word DRAW to 87066 TsCs www.Idew.com SkillGame, 1Winaweek, age16. 150ppermessSubscription",spam,1
How come u got nothing to do?,ham,0
Yar... I tot u knew dis would happen long ago already.,ham,0
Lol no ouch but wish i'd stayed out a bit longer,ham,0
Wat makes u thk i'll fall down. But actually i thk i'm quite prone 2 falls. Lucky my dad at home i ask him come n fetch me already.,ham,0
"I am real, baby! I want to bring out your inner tigress...",ham,0
Talk to g and x about that,ham,0
"I wake up long ago already... Dunno, what other thing?",ham,0
"K, can I pick up another 8th when you're done?",ham,0
"Mum, i've sent you many many messages since i got here. I just want to know that you are actually getting them. Do enjoy the rest of your day.",ham,0
somewhere out there beneath the pale moon light someone think in of u some where out there where dreams come true... goodnite &amp; sweet dreams,ham,0
....photoshop makes my computer shut down.,ham,0
Hi did u decide wot 2 get 4 his bday if not ill prob jus get him a voucher frm virgin or sumfing ,ham,0
Hi Harish's rent has been transfred to ur Acnt.,ham,0
Feel Yourself That You Are Always Happy.. Slowly It Becomes Your Habit &amp; Finally It Becomes Part Of Your Life.. Follow It.. Happy Morning &amp; Have A Happy Day:),ham,0
"Hey j! r u feeling any better, hopeSo hunny. i amnow feelin ill & ithink i may have tonsolitusaswell! damn iam layin in bedreal bored. lotsof luv me xxxx",ham,0
Gud mrng dear hav a nice day,ham,0
here is my new address -apples&pairs&all that malarky,ham,0
Ü comin to fetch us oredi...,ham,0
Later i guess. I needa do mcat study too.,ham,0
Yeah get the unlimited,ham,0
"Yup. Anything lor, if u dun wan it's ok...",ham,0
Good afternoon my boytoy. How goes that walking here and there day ? Did you get that police abstract? Are you still out and about? I wake and miss you babe,ham,0
All was well until slightly disastrous class this pm with my fav darlings! Hope day off ok. Coffee wld be good as can't stay late tomorrow. Same time + place as always?,ham,0
22 days to kick off! For Euro2004 U will be kept up to date with the latest news and results daily. To be removed send GET TXT STOP to 83222,spam,1
Armand says get your ass over to epsilon,ham,0
Should i send you naughty pix? :),ham,0
"Sorry I flaked last night, shit's seriously goin down with my roommate, what you up to tonight?",ham,0
Hey! do u fancy meetin me at 4 at cha  hav a lil beverage on me. if not txt or ring me and we can meet up l8r. quite tired got in at 3 v.pist ;) love Pete x x x,ham,0
Oi when you gonna ring,ham,0
I love to give massages. I use lots of baby oil... What is your fave position?,ham,0
Camera - You are awarded a SiPix Digital Camera! call 09061221066 fromm landline. Delivery within 28 days.,spam,1
Yup i thk they r e teacher said that will make my face look longer. Darren ask me not 2 cut too short.,ham,0
You have won a guaranteed 32000 award or maybe even £1000 cash to claim ur award call free on 0800 ..... (18+). Its a legitimat efreefone number wat do u think???,spam,1
K come to nordstrom when you're done,ham,0
would u fuckin believe it they didnt know i had thurs pre booked off so they re cancelled me AGAIN! that needs to b sacked,ham,0
Now only i reached home. . . I am very tired now. . I will come tomorro,ham,0
"Double Mins & 1000 txts on Orange tariffs. Latest Motorola, SonyEricsson & Nokia with Bluetooth FREE! Call MobileUpd8 on 08000839402 or call2optout/HF8",spam,1
500 free text msgs. Just text ok to 80488 and we'll credit your account,spam,1
network operator. The service is free. For T & C's visit 80488.biz,spam,1
Same as kallis dismissial in 2nd test:-).,ham,0
O. Well uv causes mutations. Sunscreen is like essential thesedays,ham,0
Hey next sun 1030 there's a basic yoga course... at bugis... We can go for that... Pilates intro next sat.... Tell me what time you r free,ham,0
I'm turning off my phone. My moms telling everyone I have cancer. And my sister won't stop calling. It hurts to talk. Can't put up with it. See u when u get home. Love u,ham,0
"Yup, leaving right now, be back soon",ham,0
"I'm in a meeting, call me later at",ham,0
"Ooh, 4got, i'm gonna start belly dancing in moseley weds 6.30 if u want 2 join me, they have a cafe too. ",ham,0
"Haha better late than ever, any way I could swing by?",ham,0
excellent. I spent  &lt;#&gt;  years in the Air Force. Iraq and afghanistan. I am stable and honest. do you like traveling?,ham,0
Alright. I'm out--have a good night!,ham,0
The bus leaves at  &lt;#&gt; ,ham,0
"Don't worry, * is easy once have ingredients!",ham,0
Sorry * was at the grocers.,ham,0
It's ok i wun b angry. Msg u aft i come home tonight.,ham,0
Dunno i juz askin cos i got a card got 20% off 4 a salon called hair sense so i tot it's da one ü cut ur hair. ,ham,0
I place all ur points on e cultures module already.,ham,0
I.ll give her once i have it. Plus she said grinule greet you whenever we speak,ham,0
"Sorry, I'll call later in meeting",ham,0
Oh:)as usual vijay film or its different?,ham,0
Not directly behind... Abt 4 rows behind ü...,ham,0
Oh oh... Den muz change plan liao... Go back have to yan jiu again...,ham,0
2mro i am not coming to gym machan. Goodnight.,ham,0
"Response is one of d powerful weapon 2 occupy a place in others 'HEART'... So, always give response 2 who cares 4 U""... Gud night..swt dreams..take care",ham,0
I was just callin to say hi. Take care bruv!,ham,0
Pls i wont belive god.not only jesus.,ham,0
Is ur changes 2 da report big? Cos i've already made changes 2 da previous report.,ham,0
"Sorry, I'll call later",ham,0
Nope. I just forgot. Will show next week,ham,0
Valentines Day Special! Win over £1000 in our quiz and take your partner on the trip of a lifetime! Send GO to 83600 now. 150p/msg rcvd. CustCare:08718720201.,spam,1
What you thinked about me. First time you saw me in class.,ham,0
So li hai... Me bored now da lecturer repeating last weeks stuff waste time... ,ham,0
Yar else i'll thk of all sorts of funny things.,ham,0
Not heard from U4 a while. Call me now am here all night with just my knickers on. Make me beg for it like U did last time 01223585236 XX Luv Nikiyu4.net,spam,1
when you and derek done with class?,ham,0
"It,,s a taxt massage....tie-pos argh ok! Lool!",ham,0
Ok i go change also...,ham,0
100 dating service cal;l 09064012103 box334sk38ch,spam,1
Y?WHERE U AT DOGBREATH? ITS JUST SOUNDING LIKE JAN C THATS AL!!!!!!!!!,ham,0
Ok.,ham,0
"Hey sexy buns ! Have I told you ? I adore you, loverboy. I hope you remember to thank your sister in law for those meatballs *grins* ... i love you, babe",ham,0
"Sorry, I guess whenever I can get a hold of my connections, maybe an hour or two? I'll text you",ham,0
Dear :-/ why you mood off. I cant drive so i brother to drive,ham,0
Hi baby ive just got back from work and i was wanting to see u allday! I hope i didnt piss u off on the phone today. If u are up give me a call xxx,ham,0
Please da call me any mistake from my side sorry da. Pls da goto doctor.,ham,0
Ugh fuck it I'm resubbing to eve,ham,0
But if she.s drinkin i'm ok.,ham,0
How much for an eighth?,ham,0
"Fighting with the world is easy, u either win or lose bt fightng with some1 who is close to u is dificult if u lose - u lose if u win - u still lose.",ham,0
Ü log off 4 wat. It's sdryb8i,ham,0
We tried to call you re your reply to our sms for a video mobile 750 mins UNLIMITED TEXT + free camcorder Reply of call 08000930705 Now,spam,1
Really dun bluff me leh... U sleep early too. Nite...,ham,0
<Forwarded from 21870000>Hi - this is your Mailbox Messaging SMS alert. You have 4 messages. You have 21 matches. Please call back on 09056242159 to retrieve your messages and matches,spam,1
"I'm home, my love ... If your still awake ... *loving kiss*",ham,0
Where can download clear movies. Dvd copies.,ham,0
Hello. Damn this christmas thing. I think i have decided to keep this mp3 that doesnt work.,ham,0
Wait  &lt;#&gt;  min..,ham,0
"Sorry sir, i will call you tomorrow.  senthil.hsbc",ham,0
Then u ask darren go n pick u lor... But i oso sian tmr haf 2 meet lect...,ham,0
Now i'm going for lunch.,ham,0
"It's not that you make me cry. It's just that when all our stuff happens on top of everything else, it pushes me over the edge. You don't underdtand how often i cry over my sorry, sorry life.",ham,0
How? Izzit still raining?,ham,0
True lov n care wil nevr go unrecognized. though somone often makes mistakes when valuing it. but they will definitly undrstnd once when they start missing it.,ham,0
Can you plz tell me the ans. BSLVYL sent via fullonsms.com,ham,0
Have a great trip to India. And bring the light to everyone not just with the project but with everyone that is lucky to see you smile. Bye. Abiola,ham,0
"Wen ur lovable bcums angry wid u, dnt take it seriously.. Coz being angry is d most childish n true way of showing deep affection, care n luv!.. kettoda manda... Have nice day da.",ham,0
Great! How is the office today?,ham,0
Are you willing to go for apps class.,ham,0
I like you peoples very much:) but am very shy pa.,ham,0
"Honey ? Sweetheart ? Darling ? Sexy buns ? Sugar plum ? Loverboy ? I miss you, boytoy ... *smacks your ass* Did you go to the gym too ?",ham,0
"I know you are thinkin malaria. But relax, children cant handle malaria. She would have been worse and its gastroenteritis. If she takes enough to replace her loss her temp will reduce. And if you give her malaria meds now she will just vomit. Its a self limiting illness she has which means in a few days it will completely stop",ham,0
"I don't have anybody's number, I still haven't thought up a tactful way to ask alex",ham,0
What time do u get out?,ham,0
We are both fine. Thanks,ham,0
"Think i might have to give it a miss. Am teaching til twelve, then have lecture at two. Damn this working thing.",ham,0
"Thats a bit weird, even ?- where is the do supposed to be happening? But good idea, sure they will be in pub!",ham,0
"Haha get used to driving to usf man, I know a lot of stoners",ham,0
Two teams waiting for some players,ham,0
"Urgent Urgent! We have 800 FREE flights to Europe to give away, call B4 10th Sept & take a friend 4 FREE. Call now to claim on 09050000555. BA128NNFWFLY150ppm",spam,1
I will come tomorrow di,ham,0
Ya:)going for restaurant..,ham,0
I think just yourself …Thanks and see you tomo,ham,0
At home by the way,ham,0
K.i did't see you.:)k:)where are you now?,ham,0
Where are the garage keys? They aren't on the bookshelf,ham,0
Change again... It's e one next to escalator...,ham,0
YOU HAVE WON! As a valued Vodafone customer our computer has picked YOU to win a £150 prize. To collect is easy. Just call 09061743386 ,spam,1
What Today-sunday..sunday is holiday..so no work..,ham,0
"This weeks SavaMob member offers are now accessible. Just call 08709501522 for details! SavaMob, POBOX 139, LA3 2WU. Only £1.50/week. SavaMob - offers mobile!",spam,1
That is wondarfull song,ham,0
Have you seen who's back at Holby?!,ham,0
Im just wondering what your doing right now?,ham,0
And you! Will expect you whenever you text! Hope all goes well tomo ,ham,0
Ok which your another number,ham,0
Am not working but am up to eyes in philosophy so will text u later when a bit more free for chat...,ham,0
Pls send me the correct name da.,ham,0
Nvm it's ok...,ham,0
Yo you guys ever figure out how much we need for alcohol? Jay and I are trying to figure out how much we can safely spend on weed,ham,0
Knock Knock Txt whose there to 80082 to enter r weekly draw 4 a £250 gift voucher 4 a store of yr choice. T&Cs www.tkls.com age16 to stoptxtstop£1.50/week,spam,1
Hey ! Don't forget ... You are MINE ... For ME ... My possession ... MY property ... MMM ... *childish smile* ...,ham,0
You won't believe it but it's true. It's Incredible Txts! Reply G now to learn truly amazing things that will blow your mind. From O2FWD only 18p/txt,spam,1
No plm i will come da. On the way.,ham,0
That is wondar full flim.,ham,0
Going thru a very different feeling.wavering decisions and coping up with the same is the same individual.time will heal everything i believe.,ham,0
At WHAT TIME should i come tomorrow,ham,0
K..then come wenever u lik to come and also tel vikky to come by getting free time..:-),ham,0
Then u drive lor.,ham,0
No. It's not pride. I'm almost  &lt;#&gt;  years old and shouldn't be takin money from my kid. You're not supposed to have to deal with this stuff. This is grownup stuff--why i don't tell you.,ham,0
Good morning princess! Have a great day!,ham,0
jay says he'll put in  &lt;#&gt;,ham,0
Dont pick up d call when something important is There to tell. Hrishi,ham,0
Ok i shall talk to him,ham,0
Actually getting ready to leave the house.,ham,0
"No dude, its not fake..my frnds got money, thts y i'm reffering u..if u member wit my mail link, u vl be credited  &lt;#&gt; rs and il be getiing  &lt;#&gt; rs..i can draw my acc wen it is  &lt;#&gt; rs..",ham,0
Glad to see your reply.,ham,0
Those were my exact intentions,ham,0
"Dear,Me at cherthala.in case u r coming cochin pls call bfore u start.i shall also reach accordingly.or tell me which day u r coming.tmorow i am engaged ans its holiday.",ham,0
It has everything to do with the weather. Keep extra warm. Its a cold but nothing serious. Pls lots of vitamin c,ham,0
Wen did you get so spiritual and deep. That's great,ham,0
Omg how did u know what I ate?,ham,0
Probably money worries. Things are coming due and i have several outstanding invoices for work i did two and three months ago.,ham,0
But you were together so you should be thinkin about him,ham,0
Hard LIVE 121 chat just 60p/min. Choose your girl and connect LIVE. Call 09094646899 now! Cheap Chat UK's biggest live service. VU BCM1896WC1N3XX,spam,1
i see. When we finish we have loads of loans to pay,ham,0
"see you then, we're all christmassy here!",ham,0
What's the significance?,ham,0
Ok then i come n pick u at engin?,ham,0
Leave it de:-). Start Prepare for next:-)..,ham,0
Din i tell u jus now 420,ham,0
URGENT! Your Mobile number has been awarded with a £2000 prize GUARANTEED. Call 09058094455 from land line. Claim 3030. Valid 12hrs only,spam,1
"Great. I'm in church now, will holla when i get out",ham,0
"Short But Cute : "" Be a good person , but dont try to prove"" ..... Gud mrng...",ham,0
Me too baby! I promise to treat you well! I bet you will take good care of me...,ham,0
Ic. There are a lotta childporn cars then.,ham,0
"FREE2DAY sexy St George's Day pic of Jordan!Txt PIC to 89080 dont miss out, then every wk a saucy celeb!4 more pics c PocketBabe.co.uk 0870241182716 £3/wk",spam,1
Your right! I'll make the appointment right now.,ham,0
what are your new years plans?,ham,0
U sick still can go shopping?,ham,0
He fucking chickened out. He messaged me he would be late and woould buzz me and then I didn't hear a word from him,ham,0
"The affidavit says  &lt;#&gt;  E Twiggs St, division g, courtroom  &lt;#&gt; , &lt;TIME&gt;  AM. I'll double check and text you again tomorrow",ham,0
"Yeah there's barely enough room for the two of us, x has too many fucking shoes. Sorry man, see you later",ham,0
No break time one... How... I come out n get my stuff fr ü?,ham,0
"You are always putting your business out there. You put pictures of your ass on facebook. You are one of the most open people i've ever met. Why would i think a picture of your room would hurt you, make you feel violated.",ham,0
He is there. You call and meet him,ham,0
No 1 POLYPHONIC tone 4 ur mob every week! Just txt PT2 to 87575. 1st Tone FREE ! so get txtin now and tell ur friends. 150p/tone. 16 reply HL 4info,spam,1
Hi my email address has changed now it is ,ham,0
hiya hows it going in sunny africa? hope u r avin a good time. give that big old silver back a big kiss from me.,ham,0
Yes. I come to nyc for audiitions and am trying to relocate.,ham,0
"Sorry, I'll call later in meeting.",ham,0
"Sorry, I'll call later",ham,0
Ugh. Gotta drive back to sd from la. My butt is sore.,ham,0
"Urgent! Please call 09066612661 from your landline, your complimentary 4* Lux Costa Del Sol holiday or £1000 CASH await collection. ppm 150 SAE T&Cs James 28, EH74RR",spam,1
Mine here like all fr china then so noisy.,ham,0
Hi. I'm sorry i missed your call. Can you pls call back.,ham,0
"Just got part Nottingham - 3 hrs 63miles. Good thing i love my man so much, but only doing 40mph. Hey ho",ham,0
Warner Village 83118 C Colin Farrell in SWAT this wkend @Warner Village & get 1 free med. Popcorn!Just show msg+ticket@kiosk.Valid 4-7/12. C t&c @kiosk. Reply SONY 4 mre film offers,spam,1
Buy Space Invaders 4 a chance 2 win orig Arcade Game console. Press 0 for Games Arcade (std WAP charge) See o2.co.uk/games 4 Terms + settings. No purchase,spam,1
"Your account has been credited with 500 FREE Text Messages. To activate, just txt the word: CREDIT to No: 80488 T&Cs www.80488.biz",spam,1
This is my number by vivek..,ham,0
This phone has the weirdest auto correct.,ham,0
"She is our sister.. She belongs 2 our family.. She is d hope of tomorrow.. Pray 4 her,who was fated 4 d Shoranur train incident. Lets hold our hands together &amp; fuelled by love &amp; concern prior 2 her grief &amp; pain. Pls join in dis chain &amp; pass it. STOP VIOLENCE AGAINST WOMEN.",ham,0
"sir, you will receive the account no another 1hr time. Sorry for the delay.",ham,0
"Urgh, coach hot, smells of chip fat! Thanks again, especially for the duvet (not a predictive text word).",ham,0
Mm have some kanji dont eat anything heavy ok,ham,0
You have been specially selected to receive a 2000 pound award! Call 08712402050 BEFORE the lines close. Cost 10ppm. 16+. T&Cs apply. AG Promo,spam,1
have got * few things to do. may be in * pub later.,ham,0
You have registered Sinco as Payee. Log in at icicibank.com and enter URN  &lt;#&gt;  to confirm. Beware of frauds. Do NOT share or disclose URN to anyone.,ham,0
Every monday..nxt week vl be completing..,ham,0
Hanging out with my brother and his family,ham,0
I like dis sweater fr mango but no more my size already so irritating.,ham,0
Much better now thanks lol,ham,0
I'm working technical support :)voice process.,ham,0
"Aight yo, dats straight dogg",ham,0
"It could work, we'll reach a consensus at the next meeting",ham,0
I love ya too but try and budget your money better babe. Gary would freak on me if he knew,ham,0
I had askd u a question some hours before. Its answer,ham,0
"Single line with a big meaning::::: ""Miss anything 4 ur ""Best Life"" but, don't miss ur best life for anything... Gud nyt...",ham,0
Ok then i will come to ur home after half an hour,ham,0
Then she buying today? Ü no need to c meh...,ham,0
K and you're sure I don't have to have consent forms to do it :V,ham,0
In sch but neva mind u eat 1st lor..,ham,0
In meeting da. I will call you,ham,0
88066 FROM 88066 LOST 3POUND HELP,spam,1
"I'm used to it. I just hope my agents don't drop me since i've only booked a few things this year. This whole me in boston, them in nyc was an experiment.",ham,0
"swhrt how u dey,hope ur ok, tot about u 2day.love n miss.take care.",ham,0
PRIVATE! Your 2004 Account Statement for 078498****7 shows 786 unredeemed Bonus Points. To claim call 08719180219 Identifier Code: 45239 Expires 06.05.05,spam,1
"Yeah, probably earlier than that",ham,0
"Superb Thought- ""Be grateful that u dont have everything u want. That means u still have an opportunity to be happier tomorrow than u are today."":-)",ham,0
"Hottest pics straight to your phone!! See me getting Wet and Wanting, just for you xx Text PICS to 89555 now! txt costs 150p textoperator g696ga 18 XxX",spam,1
"Want to funk up ur fone with a weekly new tone reply TONES2U 2 this text. www.ringtones.co.uk, the original n best. Tones 3GBP network operator rates apply",spam,1
"I'm not coming over, do whatever you want",ham,0
Company is very good.environment is terrific and food is really nice:),ham,0
They did't play one day last year know even though they have very good team.. Like india.,ham,0
Yes I posted a couple of pics on fb. There's still snow outside too. I'm just waking up :),ham,0
I donno its in your genes or something,ham,0
Wot u up 2 u weirdo?,ham,0
YES! The only place in town to meet exciting adult singles is now in the UK. Txt CHAT to 86688 now! 150p/Msg.,spam,1
Bring tat cd don forget,ham,0
I knew it... U slept v late yest? Wake up so late...,ham,0
Heart is empty without love.. Mind is empty without wisdom.. Eyes r empty without dreams &amp; Life is empty without frnds.. So Alwys Be In Touch. Good night &amp; sweet dreams,ham,0
Ok. So april. Cant wait,ham,0
Hey what's up charles sorry about the late reply.,ham,0
"09066362231 URGENT! Your mobile No 07xxxxxxxxx won a £2,000 bonus caller prize on 02/06/03! this is the 2nd attempt to reach YOU! call 09066362231 ASAP!",spam,1
FREE entry into our £250 weekly competition just text the word WIN to 80086 NOW. 18 T&C www.txttowin.co.uk,spam,1
"Sorry, I'll call later",ham,0
Pls ask macho how much is budget for bb bold 2 is cos i saw a new one for  &lt;#&gt;  dollars.,ham,0
What happen dear tell me,ham,0
"Poyyarikatur,kolathupalayam,unjalur post,erode dis, &lt;#&gt; .",ham,0
Normally i use to drink more water daily:),ham,0
Then its most likely called Mittelschmertz. Google it. If you dont have paracetamol dont worry it will go.,ham,0
Can you please send me my aunty's number,ham,0
There are some nice pubs near here or there is Frankie n Bennys near the warner cinema?,ham,0
"Storming msg: Wen u lift d phne, u say ""HELLO"" Do u knw wt is d real meaning of HELLO?? . . . It's d name of a girl..! . . . Yes.. And u knw who is dat girl?? ""Margaret Hello"" She is d girlfrnd f Grahmbell who invnted telphone... . . . . Moral:One can 4get d name of a person, bt not his girlfrnd... G o o d n i g h t . . .@",ham,0
Sorry! U can not unsubscribe yet. THE MOB offer package has a min term of 54 weeks> pls resubmit request after expiry. Reply THEMOB HELP 4 more info,spam,1
Yup having my lunch buffet now.. U eat already?,ham,0
No need to say anything to me. I know i am an outsider,ham,0
Lol! Oops sorry! Have fun. ,ham,0
We tried to call you re your reply to our sms for a video mobile 750 mins UNLIMITED TEXT free camcorder Reply or call now 08000930705 Del Thurs,spam,1
"Aight, I should be there by 8 at the latest, probably closer to 7. Are jay and tyler down or should we just do two trips?",ham,0
"1.20 that call cost. Which i guess isnt bad. Miss ya, need ya, want ya, love ya",ham,0
I'm job profile seems like bpo..,ham,0
is your hamster dead? Hey so tmr i meet you at 1pm orchard mrt? ,ham,0
"Arngd marriage is while u r walkin unfortuntly a snake bites u. bt love marriage is dancing in frnt of d snake &amp; sayin Bite me, bite me.",ham,0
Yeah that's the impression I got,ham,0
Ha... Then we must walk to everywhere... Cannot take tram. My cousin said can walk to vic market from our hotel ,ham,0
No da. . Vijay going to talk in jaya tv,ham,0
"Sweetheart, hope you are not having that kind of day! Have one with loads of reasons to smile. Biola",ham,0
S but not able to sleep.,ham,0
"Win the newest Harry Potter and the Order of the Phoenix (Book 5) reply HARRY, answer 5 questions - chance to be the first among readers!",spam,1
Jus telling u dat i'll b leaving 4 shanghai on 21st instead so we'll haf more time 2 meet up cya...,ham,0
"Sir, good morning. Hope you had a good weekend. I called to let you know that i was able to raise  &lt;#&gt;  from my dad. He however said he would make the rest available by mid feb. This amount is still quite short and i was hoping you would help. Do have a good day. Abiola",ham,0
Your gonna be the death if me. I'm gonna leave a note that says its all robs fault. Avenge me.,ham,0
Oh ok wait 4 me there... My lect havent finish,ham,0
Any chance you might have had with me evaporated as soon as you violated my privacy by stealing my phone number from your employer's paperwork. Not cool at all. Please do not contact me again or I will report you to your supervisor.,ham,0
Yes. Last  practice,ham,0
Dude while were makin those weirdy brownies my sister made awesome cookies. I took pics.,ham,0
I'm fine. Hope you are also,ham,0
Not course. Only maths one day one chapter with in one month we can finish.,ham,0
Ok. There may be a free gym about.,ham,0
"Ta-Daaaaa! I am home babe, are you still up ?",ham,0
"It's fine, imma get a drink or somethin. Want me to come find you?",ham,0
Thank You meet you monday,ham,0
Im at arestaurant eating squid! i will be out about 10:30 wanna dosomething or is that to late?,ham,0
Big brother‘s really scraped the barrel with this shower of social misfits,ham,0
U free on sat rite? U wan 2 watch infernal affairs wif me n darren n mayb xy?,ham,0
I will reach ur home in  &lt;#&gt;  minutes,ham,0
ALRITE SAM ITS NIC JUST CHECKIN THAT THIS IS UR NUMBER-SO IS IT?T.B*,ham,0
As usual u can call me ard 10 smth.,ham,0
When/where do I pick you up,ham,0
Am on the uworld site. Am i buying the qbank only or am i buying it with the self assessment also?,ham,0
Ü all write or wat..,ham,0
My darling sister. How are you doing. When's school resuming. Is there a minimum wait period before you reapply? Do take care,ham,0
Our records indicate u maybe entitled to 5000 pounds in compensation for the Accident you had. To claim 4 free reply with CLAIM to this msg. 2 stop txt STOP,spam,1
You have to pls make a note of all she.s exposed to. Also find out from her school if anyone else was vomiting. Is there a dog or cat in the house? Let me know later.,ham,0
I want  &lt;#&gt;  rs da:)do you have it?,ham,0
"U've been selected to stay in 1 of 250 top British hotels - FOR NOTHING! Holiday valued at £350! Dial 08712300220 to claim - National Rate Call. Bx526, SW73SS",spam,1
Mind blastin.. No more Tsunamis will occur from now on.. Rajnikant stopped swimming in Indian Ocean..:-D,ham,0
"Princess, i like to make love  &lt;#&gt;  times per night. Hope thats not a problem!",ham,0
New car and house for my parents.:)i have only new job in hand:),ham,0
"Dear Voucher Holder, To claim this weeks offer, at your PC please go to http://www.wtlp.co.uk/text. Ts&Cs apply.",spam,1
"Oh really? perform, write a paper, go to a movie AND be home by midnight, huh?",ham,0
"All done, all handed in. Don't know if mega shop in asda counts as celebration but thats what i'm doing!",ham,0
Really? I crashed out cuddled on my sofa.,ham,0
Hai ana tomarrow am coming on morning.  &lt;DECIMAL&gt;  ill be there in sathy then we ll go to RTO office. Reply me after came to home.,ham,0
And pls pls drink plenty plenty water,ham,0
Oh god. I'm gonna Google nearby cliffs now.,ham,0
WHO ARE YOU SEEING?,ham,0
Good evening! How are you?,ham,0
Win a £1000 cash prize or a prize worth £5000,spam,1
Just taste fish curry :-P,ham,0
No da:)he is stupid da..always sending like this:)don believe any of those message.pandy is a mental:),ham,0
U reach orchard already? U wan 2 go buy tickets first?,ham,0
Sad story of a Man - Last week was my b'day. My Wife did'nt wish me. My Parents forgot n so did my Kids . I went to work. Even my Colleagues did not wish.,ham,0
Dear where you will be when i reach there,ham,0
"Did you hear about the new ""Divorce Barbie""? It comes with all of Ken's stuff!",spam,1
Tmr timin still da same wat cos i got lesson until 6...,ham,0
Kaiez... Enjoy ur tuition... Gee... Thk e second option sounds beta... I'll go yan jiu den msg u...,ham,0
"Sunshine Hols. To claim ur med holiday send a stamped self address envelope to Drinks on Us UK, PO Box 113, Bray, Wicklow, Eire. Quiz Starts Saturday! Unsub Stop",spam,1
"When people see my msgs, They think Iam addicted to msging... They are wrong, Bcoz They don\'t know that Iam addicted to my sweet Friends..!! BSLVYL",ham,0
Shant disturb u anymore... Jia you...,ham,0
"Since when, which side, any fever, any vomitin.",ham,0
"K, can that happen tonight?",ham,0
"Nah, Wednesday. When should I bring the mini cheetos bag over?",ham,0
"Hi babe its Chloe, how r u? I was smashed on saturday night, it was great! How was your weekend? U been missing me? SP visionsms.com Text stop to stop 150p/text",spam,1
You tell what happen dont behave like this to me. Ok no need to say,ham,0
Oh ok..,ham,0
No. I dont want to hear anything,ham,0
Eat at old airport road... But now 630 oredi... Got a lot of pple...,ham,0
10 min later k...,ham,0
Yetunde i'm in class can you not run water on it to make it ok. Pls now.,ham,0
Want 2 get laid tonight? Want real Dogging locations sent direct 2 ur Mob? Join the UK's largest Dogging Network by txting MOAN to 69888Nyt. ec2a. 31p.msg@150p,spam,1
It vl bcum more difficult..,ham,0
Babe? You said 2 hours and it's been almost 4 ... Is your internet down ?,ham,0
Carry on not disturbing both of you,ham,0
Hello which the site to download songs its urgent pls,ham,0
Its ok..come to my home it vl nice to meet and v can chat..,ham,0
Thats cool. i am a gentleman and will treat you with dignity and respect.,ham,0
Thanx a lot 4 ur help!,ham,0
Not from this campus. Are you in the library?,ham,0
There r many model..sony ericson also der.. &lt;#&gt; ..it luks good bt i forgot modl no,ham,0
"Edison has rightly said, ""A fool can ask more questions than a wise man can answer"" Now you know why all of us are speechless during ViVa.. GM,GN,GE,GNT:-)",ham,0
"idc get over here, you are not weaseling your way out of this shit twice in a row",ham,0
Asking do u knw them or nt? May be ur frnds or classmates?,ham,0
Depends on individual lor e hair dresser say pretty but my parents say look gong. U kaypoh.. I also dunno wat she collecting.,ham,0
HAPPY NEW YEAR MY NO.1 MAN,ham,0
Well boy am I glad G wasted all night at applebees for nothing,ham,0
You were supposed to wake ME up &gt;:(,ham,0
"Me not waking up until 4 in the afternoon, sup",ham,0
Now? I'm going out 4 dinner soon..,ham,0
Loosu go to hospital. De dont let it careless.,ham,0
"I had been hoping i would not have to send you this message. My rent is due and i dont have enough for it. My reserves are completely gone. Its a loan i need and was hoping you could her. The balance is  &lt;#&gt; . Is there a way i could get that from you, till mid march when i hope to pay back.",ham,0
"Hey... Thk we juz go accordin to wat we discussed yest lor, except no kb on sun... Cos there's nt much lesson to go if we attend kb on sat...",ham,0
"My friend just got here and says he's upping his order by a few grams (he's got $ &lt;#&gt; ), when can you get here?",ham,0
Dont show yourself. How far. Put new pictures up on facebook.,ham,0
says the  &lt;#&gt;  year old with a man and money. I'm down to my last  &lt;#&gt; . Still waiting for that check.,ham,0
"You might want to pull out more just in case and just plan on not spending it if you can, I don't have much confidence in derek and taylor's money management",ham,0
You always make things bigger than they are,ham,0
"Say this slowly.? GOD,I LOVE YOU &amp; I NEED YOU,CLEAN MY HEART WITH YOUR BLOOD.Send this to Ten special people &amp; u c miracle tomorrow, do it,pls,pls do it...",ham,0
"So many people seems to be special at first sight, But only very few will remain special to you till your last sight.. Maintain them till life ends.. take cr da",ham,0
That sucks. I'll go over so u can do my hair. You'll do it free right?,ham,0
Squeeeeeze!! This is christmas hug.. If u lik my frndshp den hug me back.. If u get 3 u r cute:) 6 u r luvd:* 9 u r so lucky;) None? People hate u:,ham,0
"Evening * v good if somewhat event laden. Will fill you in, don't you worry … Head * ok but throat * wrecked. See you at six then!",ham,0
I will see in half an hour,ham,0
Hi Dear Call me its urgnt. I don't know whats your problem. You don't want to work or if you have any other problem at least tell me. Wating for your reply.,ham,0
"Goodnight, sleep well da please take care pa. Please.",ham,0
Oh...i asked for fun. Haha...take care. ü,ham,0
"Hey babe, sorry i didn't get sooner. Gary can come and fix it cause he thinks he knows what it is but he doesn't go as far a Ptbo and he says it will cost  &lt;#&gt;  bucks. I don't know if it might be cheaper to find someone there ? We don't have any second hand machines at all right now, let me know what you want to do babe",ham,0
"Wat time liao, where still got.",ham,0
Then get some cash together and I'll text jason,ham,0
Well keep in mind I've only got enough gas for one more round trip barring a sudden influx of cash,ham,0
"Hi. Wk been ok - on hols now! Yes on for a bit of a run. Forgot that i have hairdressers appointment at four so need to get home n shower beforehand. Does that cause prob for u?""",ham,0
5 nights...We nt staying at port step liao...Too ex,ham,0
"Oh, the grand is having a bit of a party but it doesn't mention any cover charge so it's probably first come first served",ham,0
Gr8 new service - live sex video chat on your mob - see the sexiest dirtiest girls live on ur phone - 4 details text horny to 89070 to cancel send STOP to 89070,spam,1
Tell me something. Thats okay.,ham,0
Die... I accidentally deleted e msg i suppose 2 put in e sim archive. Haiz... I so sad...,ham,0
Cheers for the message Zogtorius. Ive been staring at my phone for an age deciding whether to text or not.,ham,0
SMS AUCTION - A BRAND NEW Nokia 7250 is up 4 auction today! Auction is FREE 2 join & take part! Txt NOKIA to 86021 now!,spam,1
I need details about that online job.,ham,0
Dear i am not denying your words please,ham,0
It so happens that there r 2waxsto do wat you want. She can come and ill get her medical insurance. And she'll be able to deliver and have basic care. I'm currently shopping for the right medical insurance for her. So just give me til friday morning. Thats when i.ll see the major person that can guide me to the right insurance.,ham,0
"Today's Offer! Claim ur £150 worth of discount vouchers! Text YES to 85023 now! SavaMob, member offers mobile! T Cs 08717898035. £3.00 Sub. 16 . Unsub reply X",spam,1
S..antha num corrct dane,ham,0
Are you driving or training?,ham,0
Some are lasting as much as 2 hours. You might get lucky.,ham,0
"I have 2 sleeping bags, 1 blanket and paper and  phone details. Anything else?",ham,0
With my sis lor... We juz watched italian job.,ham,0
"Congrats! 1 year special cinema pass for 2 is yours. call 09061209465 now! C Suprman V, Matrix3, StarWars3, etc all 4 FREE! bx420-ip4-5we. 150pm. Dont miss out!",spam,1
Our brand new mobile music service is now live. The free music player will arrive shortly. Just install on your phone to browse content from the top artists.,spam,1
So when do you wanna gym?,ham,0
Wat makes some people dearer is not just de happiness dat u feel when u meet them but de pain u feel when u miss dem!!!,ham,0
"Aight, you close by or still down around alex's place?",ham,0
"URGENT!! Your 4* Costa Del Sol Holiday or £5000 await collection. Call 09050090044 Now toClaim. SAE, TC s, POBox334, Stockport, SK38xh, Cost£1.50/pm, Max10mins",spam,1
Just curious because my cuz asked what I was up to,ham,0
I though we shd go out n have some fun so bar in town or something – sound ok?,ham,0
As one of our registered subscribers u can enter the draw 4 a 100 G.B. gift voucher by replying with ENTER. To unsubscribe text STOP,spam,1
Dont talk to him ever ok its my word.,ham,0
83039 62735=£450 UK Break AccommodationVouchers terms & conditions apply. 2 claim you mustprovide your claim number which is 15541 ,spam,1
The 2 oz guy is being kinda flaky but one friend is interested in picking up $ &lt;#&gt;  worth tonight if possible,ham,0
In work now. Going have in few min.,ham,0
Mm feeling sleepy. today itself i shall get that dear,ham,0
Dude ive been seeing a lotta corvettes lately,ham,0
"Sorry, I'll call later",ham,0
Wat u doing there?,ham,0
Many times we lose our best ones bcoz we are ,ham,0
All e best 4 ur driving tmr :-),ham,0
Your daily text from me – a favour this time,ham,0
U having lunch alone? I now so bored...,ham,0
"I can. But it will tell quite long, cos i haven't finish my film yet...",ham,0
The Xmas story is peace.. The Xmas msg is love.. The Xmas miracle is jesus.. Hav a blessed month ahead &amp; wish U Merry Xmas...,ham,0
Huh so slow i tot u reach long ago liao... U 2 more days only i 4 more leh...,ham,0
I wil be there with in  &lt;#&gt;  minutes. Got any space,ham,0
25p 4 alfie Moon's Children in need song on ur mob. Tell ur m8s. Txt Tone charity to 8007 for Nokias or Poly charity for polys: zed 08701417012 profit 2 charity.,spam,1
Wow so healthy. Old airport rd lor. Cant thk of anything else. But i'll b bathing my dog later.,ham,0
Just getting back home,ham,0
Yes. It's all innocent fun. O:-),ham,0
Happy new years melody!,ham,0
Then u better go sleep.. Dun disturb u liao.. U wake up then msg me lor..,ham,0
Hope you are having a great new semester. Do wish you the very best. You are made for greatness.,ham,0
"Babe! How goes that day ? What are you up to ? I miss you already, my Love ... * loving kiss* ... I hope everything goes well.",ham,0
"URGENT, IMPORTANT INFORMATION FOR O2 USER. TODAY IS YOUR LUCKY DAY! 2 FIND OUT WHY LOG ONTO HTTP://WWW.URAWINNER.COM THERE IS A FANTASTIC SURPRISE AWAITING FOR YOU",spam,1
Well there's not a lot of things happening in Lindsay on New years *sighs* Some bars in Ptbo and the blue heron has something going,ham,0
Ok.,ham,0
Ok...,ham,0
YO YO YO BYATCH WHASSUP?,ham,0
"cmon babe, make me horny, *turn* me on! Txt me your fantasy now babe -) Im hot, sticky and need you now. All replies cost £1.50. 2 cancel send STOP",spam,1
Ok set let u noe e details later...,ham,0
"Now u sound like manky scouse boy steve,like! I is travelling on da bus home.wot has u inmind 4 recreation dis eve?",ham,0
cThen i thk shd b enuff.. Still got conclusion n contents pg n references.. I'll b doing da contents pg n cover pg..,ham,0
"Sorry, I can't help you on this.",ham,0
"For ur chance to win a £250 wkly shopping spree TXT: SHOP to 80878. T's&C's www.txt-2-shop.com custcare 08715705022, 1x150p/wk",spam,1
Why don't you go tell your friend you're not sure you want to live with him because he smokes too much then spend hours begging him to come smoke,ham,0
Noooooooo please. Last thing I need is stress. For once in your life be fair.,ham,0
Then anything special?,ham,0
It should take about  &lt;#&gt;  min,ham,0
"I've not called you in a while. This is hoping it was l8r malaria and that you know that we miss you guys. I miss Bani big, so pls give her my love especially. Have a great day.",ham,0
"Actually nvm, got hella cash, we still on for  &lt;#&gt; ish?",ham,0
Santa calling! Would your little ones like a call from Santa Xmas Eve? Call 09077818151 to book you time. Calls1.50ppm last 3mins 30s T&C www.santacalling.com,spam,1
I will send them to your email. Do you mind  &lt;#&gt;  times per night?,ham,0
You didnt complete your gist oh.,ham,0
Beerage?,ham,0
Sac will score big hundred.he is set batsman:-),ham,0
"sry can't talk on phone, with parents",ham,0
The message sent is askin for  &lt;#&gt; dollars. Shoul i pay  &lt;#&gt;  or  &lt;#&gt; ?,ham,0
Horrible u eat macs eat until u forgot abt me already rite... U take so long 2 reply. I thk it's more toot than b4 so b prepared. Now wat shall i eat?,ham,0
I want kfc its Tuesday. Only buy 2 meals ONLY 2. No gravy. Only 2 Mark. 2!,ham,0
Most of the tiime when i don't let you hug me it's so i don't break into tears.,ham,0
"Im sorry bout last nite it wasnt ur fault it was me, spouse it was pmt or sumthin! U 4give me? I think u shldxxxx",ham,0
Are you going to write ccna exam this week??,ham,0
Ha... Both of us doing e same thing. But i got tv 2 watch. U can thk of where 2 go tonight or u already haf smth in mind...,ham,0
I take it we didn't have the phone callon Friday. Can we assume we won't have it this year now?,ham,0
I am great princess! What are you thinking about me? :),ham,0
Where's mummy's boy ? Is he being good or bad ? Is he being positive or negative ? Why is mummy being made to wait? Hmmmm?,ham,0
"Welcome to UK-mobile-date this msg is FREE giving you free calling to 08719839835. Future mgs billed at 150p daily. To cancel send ""go stop"" to 89123",spam,1
"Good morning, im suffering from fever and dysentry ..will not be able to come to office today.",ham,0
They have a thread on the wishlist section of the forums where ppl post nitro requests. Start from the last page and collect from the bottom up.,ham,0
Can u look 4 me in da lib i got stuff havent finish yet.,ham,0
Purity of friendship between two is not about smiling after reading the forwarded message..Its about smiling just by seeing the name. Gud evng musthu,ham,0
Have your lunch and come quickly and open the door:),ham,0
Whos this am in class:-),ham,0
"SIX chances to win CASH! From 100 to 20,000 pounds txt> CSH11 and send to 87575. Cost 150p/day, 6days, 16+ TsandCs apply Reply HL 4 info",spam,1
Good Morning my Dear........... Have a great &amp; successful day.,ham,0
Shall i get my pouch?,ham,0
"Sorry,  in meeting I'll call you later",ham,0
I love u 2 my little pocy bell I am sorry but I love u,ham,0
"Haha figures, well I found the piece and priscilla's bowl",ham,0
You are awarded a SiPix Digital Camera! call 09061221061 from landline. Delivery within 28days. T Cs Box177. M221BP. 2yr warranty. 150ppm. 16 . p p£3.99,spam,1
Hiya do u like the hlday pics looked horrible in them so took mo out! Hows the camp Amrca thing? Speak soon Serena:),ham,0
I dont know ask to my brother. Nothing problem some thing that. Just i told .,ham,0
Will you come online today night,ham,0
"Yeah there's quite a bit left, I'll swing by tomorrow when I get up",ham,0
"Oh, then your phone phoned me but it disconnected",ham,0
Hi good mornin.. Thanku wish u d same..,ham,0
Wow didn't think it was that common. I take it all back ur not a freak! Unless u chop it off:-),ham,0
Was the farm open?,ham,0
"As a valued customer, I am pleased to advise you that following recent review of your Mob No. you are awarded with a £1500 Bonus Prize, call 09066368470",spam,1
Who's there say hi to our drugdealer,ham,0
Goodnight da thangam I really miss u dear.,ham,0
"Haha just kidding, papa needs drugs",ham,0
TheMob>Yo yo yo-Here comes a new selection of hot downloads for our members to get for FREE! Just click & open the next link sent to ur fone...,spam,1
"Hello baby, did you get back to your mom's ? Are you setting up the computer now ? Filling your belly ? How goes it loverboy ? I miss you already ... *sighs*",ham,0
Dun need to use dial up juz open da browser n surf...,ham,0
I want to sent  &lt;#&gt; mesages today. Thats y. Sorry if i hurts,ham,0
"Ask g or iouri, I've told the story like ten times already",ham,0
Never try alone to take the weight of a tear that comes out of ur heart and falls through ur eyes... Always remember a STUPID FRIEND is here to share... BSLVYL,ham,0
Are you still playing with gautham?,ham,0
How are you with moneY...as in to you...money aint a thing....how are you sha!,ham,0
"Japanese Proverb: If one Can do it, U too Can do it, If none Can do it,U must do it Indian version: If one Can do it, LET HIM DO it.. If none Can do it,LEAVE it!! And finally Kerala version: If one can do it, Stop him doing it.. If none can do it, Make a strike against it ...",ham,0
Free 1st week entry 2 TEXTPOD 4 a chance 2 win 40GB iPod or £250 cash every wk. Txt POD to 84128 Ts&Cs www.textpod.net custcare 08712405020.,spam,1
Hey happy birthday...,ham,0
Are you unique enough? Find out from 30th August. www.areyouunique.co.uk,spam,1
Is xy going 4 e lunch?,ham,0
"Yo carlos, a few friends are already asking me about you, you working at all this weekend?",ham,0
Lol ... I knew that .... I saw him in the dollar store,ham,0
Thank god they are in bed!,ham,0
"Do you ever notice that when you're driving, anyone going slower than you is an idiot and everyone driving faster than you is a maniac?",spam,1
"Awesome, that gonna be soon or later tonight?",ham,0
<Forwarded from 448712404000>Please CALL 08712404000 immediately as there is an urgent message waiting for you.,spam,1
In life when you face choices Just toss a coin not becoz its settle the question But while the coin in the air U will know what your heart is hoping for. Gudni8,ham,0
Huh means computational science... Y they like dat one push here n there...,ham,0
At 7 we will go ok na.,ham,0
Tell dear what happen to you. Why you talking to me like an alian,ham,0
The world's most happiest frnds never have the same characters... Dey just have the best understanding of their differences...,ham,0
Shuhui has bought ron's present it's a swatch watch...,ham,0
Call Germany for only 1 pence per minute! Call from a fixed line via access number 0844 861 85 85. No prepayment. Direct access!,spam,1
I'm coming home 4 dinner.,ham,0
"Probably gonna be here for a while, see you later tonight &lt;)",ham,0
Shuhui say change 2 suntec steamboat? U noe where? Where r u now?,ham,0
Please call our customer service representative on FREEPHONE 0808 145 4742 between 9am-11pm as you have WON a guaranteed £1000 cash or £5000 prize!,spam,1
Mathews or tait or edwards or anderson,ham,0
Yes. Rent is very expensive so its the way we save.,ham,0
Burger King - Wanna play footy at a top stadium? Get 2 Burger King before 1st Sept and go Large or Super with Coca-Cola and walk out a winner,spam,1
My battery is low babe,ham,0
Okie...,ham,0
U coming 2 pick me?,ham,0
Otherwise had part time job na-tuition..,ham,0
But your brother transfered only  &lt;#&gt;  +  &lt;#&gt; . Pa.,ham,0
It just seems like weird timing that the night that all you and g want is for me to come smoke is the same day as when a shitstorm is attributed to me always coming over and making everyone smoke,ham,0
You have 1 new message. Call 0207-083-6089,spam,1
Married local women looking for discreet action now! 5 real matches instantly to your phone. Text MATCH to 69969 Msg cost 150p 2 stop txt stop BCMSFWC1N3XX,spam,1
Yeah sure I'll leave in a min,ham,0
No calls..messages..missed calls,ham,0
"A gram usually runs like  &lt;#&gt; , a half eighth is smarter though and gets you almost a whole second gram for  &lt;#&gt;",ham,0
You will be in the place of that man,ham,0
I would but I'm still cozy. And exhausted from last night.nobody went to school or work. Everything is closed.,ham,0
"SIX chances to win CASH! From 100 to 20,000 pounds txt> CSH11 and send to 87575. Cost 150p/day, 6days, 16+ TsandCs apply Reply HL 4 info",spam,1
"Christmas is An occasion that is Celebrated as a Reflection of UR... Values..., Desires..., Affections...&amp; Traditions.... Have an ideal Christmas...",ham,0
Call 09095350301 and send our girls into erotic ecstacy. Just 60p/min. To stop texts call 08712460324 (nat rate),spam,1
All sounds good. Fingers . Makes it difficult to type,ham,0
TaKe CaRE n gET WeLL sOOn,ham,0
K.k:)apo k.good movie.,ham,0
Sounds like you have many talents! would you like to go on a dinner date next week?,ham,0
"You are being contacted by our Dating Service by someone you know! To find out who it is, call from your mobile or landline 09064017305 PoBox75LDNS7 ",spam,1
Usually the person is unconscious that's in children but in adults they may just behave abnormally. I.ll call you now,ham,0
"Sorry, I'll call later",ham,0
great princess! I love giving and receiving oral. Doggy style is my fave position. How about you? I enjoy making love  &lt;#&gt;  times per night :),ham,0
Ur balance is now £500. Ur next question is: Who sang 'Uptown Girl' in the 80's ? 2 answer txt ur ANSWER to 83600. Good luck!,spam,1
"I.ll always be there, even if its just in spirit. I.ll get a bb soon. Just trying to be sure i need it.",ham,0
No calls..messages..missed calls,ham,0
"What do u reckon as need 2 arrange transport if u can't do it, thanks",ham,0
Yes:)sura in sun tv.:)lol.,ham,0
They finally came to fix the ceiling.,ham,0
No de. But call me after some time. Ill tell you k,ham,0
Hey i will be late ah... Meet you at 945+,ham,0
No problem. Talk to you later,ham,0
"Thank you so much. When we skyped wit kz and sura, we didnt get the pleasure of your company. Hope you are good. We've given you ultimatum oh! We are countin down to aburo. Enjoy! This is the message i sent days ago",ham,0
K..k..i'm also fine:)when will you complete the course?,ham,0
Shall i come to get pickle,ham,0
If You mean the website. Yes.,ham,0
WIN URGENT! Your mobile number has been awarded with a £2000 prize GUARANTEED call 09061790121 from land line. claim 3030 valid 12hrs only 150ppm ,spam,1
When can ü come out?,ham,0
ILL B DOWN SOON,ham,0
"Sorry, I'll call later",ham,0
Thanks for loving me so. You rock,ham,0
"I can probably come by, everybody's done around  &lt;#&gt;  right?",ham,0
"Good afternoon on this glorious anniversary day, my sweet J !! I hope this finds you happy and content, my Prey. I think of you and send a teasing kiss from across the sea coaxing images of fond souveniers ... You Cougar-Pen",ham,0
What's up. Do you want me to come online?,ham,0
"I'll text carlos and let you know, hang on",ham,0
Haha... They cant what... At the most tmr forfeit... haha so how?,ham,0
YES! The only place in town to meet exciting adult singles is now in the UK. Txt CHAT to 86688 now! 150p/Msg.,spam,1
If I die I want u to have all my stuffs.,ham,0
Just got to  &lt;#&gt;,ham,0
"Thanks for your Ringtone Order, Reference T91. You will be charged GBP 4 per week. You can unsubscribe at anytime by calling customer services on 09057039994",spam,1
You still coming tonight?,ham,0
"I know where the  &lt;#&gt;  is, I'll be there around 5",ham,0
We not watching movie already. Xy wants 2 shop so i'm shopping w her now.,ham,0
Last chance 2 claim ur £150 worth of discount vouchers-Text YES to 85023 now!SavaMob-member offers mobile T Cs 08717898035. £3.00 Sub. 16 . Remove txt X or STOP,spam,1
"Dont search love, let love find U. Thats why its called falling in love, bcoz U dont force yourself, U just fall and U know there is smeone to hold U... BSLVYL",ham,0
"You have come into my life and brought the sun ..Shiny down on me, warming my heart. Putting a constant smile on my face ... Making me feel loved and cared for",ham,0
Shhhhh nobody is supposed to know!,ham,0
U have a Secret Admirer who is looking 2 make contact with U-find out who they R*reveal who thinks UR so special-call on 09065171142-stopsms-08718727870150ppm,spam,1
Never y lei... I v lazy... Got wat? Dat day ü send me da url cant work one...,ham,0
Senthil group company Apnt 5pm.,ham,0
K fyi x has a ride early tomorrow morning but he's crashing at our place tonight,ham,0
Ok ok take care. I can understand.,ham,0
"Thank you. And by the way, I just lost.",ham,0
Dun b sad.. It's over.. Dun thk abt it already. Concentrate on ur other papers k.,ham,0
So what u doing today?,ham,0
Once free call me sir. I am waiting for you.,ham,0
When you came to hostel.,ham,0
Are you at work right now ?,ham,0
Ü mean it's confirmed... I tot they juz say oni... Ok then... ,ham,0
Todays Voda numbers ending 7548 are selected to receive a $350 award. If you have a match please call 08712300220 quoting claim code 4041 standard rates app,spam,1
"Yeah, in fact he just asked if we needed anything like an hour ago. When and how much?",ham,0
No. I.ll meet you in the library,ham,0
"I am in tirupur da, once you started from office call me.",ham,0
If I was I wasn't paying attention,ham,0
You should change your fb to jaykwon thuglyfe falconerf,ham,0
"Oh... Haha... Den we shld had went today too... Gee, nvm la... Kaiez, i dun mind goin jazz oso... Scared hiphop open cant catch up... ",ham,0
"FREE2DAY sexy St George's Day pic of Jordan!Txt PIC to 89080 dont miss out, then every wk a saucy celeb!4 more pics c PocketBabe.co.uk 0870241182716 £3/wk",spam,1
Ok then i will come to ur home after half an hour,ham,0
Okay. I've seen it. So i should pick it on friday?,ham,0
Here is your discount code RP176781. To stop further messages reply stop. www.regalportfolio.co.uk. Customer Services 08717205546,spam,1
Annoying isn't it.,ham,0
Speak only when you feel your words are better than the silence... Gud mrng:-),ham,0
S s..first time..dhoni rocks...,ham,0
You have won a guaranteed £200 award or even £1000 cashto claim UR award call free on 08000407165 (18+) 2 stop getstop on 88222 PHP,spam,1
1Apple/Day=No Doctor. 1Tulsi Leaf/Day=No Cancer. 1Lemon/Day=No Fat. 1Cup Milk/day=No Bone Problms 3 Litres Watr/Day=No Diseases Snd ths 2 Whom U Care..:-),ham,0
He says hi and to get your ass back to south tampa (preferably at a kegger),ham,0
U have a secret admirer who is looking 2 make contact with U-find out who they R*reveal who thinks UR so special-call on 09058094599,spam,1
Si si. I think ill go make those oreo truffles.,ham,0
if you text on your way to cup stop that should work. And that should be BUS,ham,0
Networking job is there.,ham,0
No he didn't. Spring is coming early yay!,ham,0
The whole car appreciated the last two! Dad and are having a map reading semi argument but apart from that things are going ok. P.,ham,0
It shall be fine. I have avalarr now. Will hollalater,ham,0
I got lousy sleep. I kept waking up every 2 hours to see if my cat wanted to come in. I worry about him when its cold :(,ham,0
I think chennai well settled?,ham,0
Friends that u can stay on fb chat with,ham,0
Nope but i'm going home now then go pump petrol lor... Like going 2 rain soon...,ham,0
How long does applebees fucking take,ham,0
Takin a shower now but yeah I'll leave when I'm done,ham,0
"sorry, no, have got few things to do. may be in pub later.",ham,0
This message is brought to you by GMW Ltd. and is not connected to the,spam,1
True dear..i sat to pray evening and felt so.so i sms'd you in some time...,ham,0
Let me know how to contact you. I've you settled in a room. Lets know you are ok.,ham,0
"Do you know why god created gap between your fingers..? So that, One who is made for you comes &amp; fills those gaps by holding your hand with LOVE..!",ham,0
Ok thanx...,ham,0
Dear good morning now only i am up,ham,0
How much is blackberry bold2 in nigeria.,ham,0
"Good afternoon, my love ... How goes your day ? How did you sleep ? I hope your well, my boytoy ... I think of you ...",ham,0
"In case you wake up wondering where I am, I forgot I have to take care of something for grandma today, should be done before the parade",ham,0
Hey u still at the gym?,ham,0
As in i want custom officer discount oh.,ham,0
"YOU 07801543489 are guaranteed the latests Nokia Phone, a 40GB iPod MP3 player or a £500 prize! Txt word:COLLECT to No:83355! TC-LLC NY-USA 150p/Mt msgrcvd18+",spam,1
Gud ni8 dear..slp well..take care..swt dreams..Muah..,ham,0
He says he'll give me a call when his friend's got the money but that he's definitely buying before the end of the week,ham,0
Spoons it is then okay?,ham,0
Ya that one is slow as poo,ham,0
This message is free. Welcome to the new & improved Sex & Dogging club! To unsubscribe from this service reply STOP. msgs@150p 18+only,spam,1
Is that on the telly? No its Brdget Jones!,ham,0
So when do you wanna gym harri,ham,0
IM REALY SOZ IMAT MY MUMS 2NITE WHAT ABOUT 2MORO ,ham,0
"Sure, whenever you show the fuck up &gt;:(",ham,0
"HEY HEY WERETHE MONKEESPEOPLE SAY WE MONKEYAROUND! HOWDY GORGEOUS, HOWU DOIN? FOUNDURSELF A JOBYET SAUSAGE?LOVE JEN XXX",ham,0
Its on in engalnd! But telly has decided it won't let me watch it and mia and elliot were kissing! Damn it!,ham,0
"Ok. Not much to do here though. H&M Friday, cant wait. Dunno wot the hell im gonna do for another 3 weeks! Become a slob- oh wait, already done that! ",ham,0
Long beach lor. Expected... U having dinner now?,ham,0
Oh yah... We never cancel leh... Haha ,ham,0
"I don't know, same thing that's wrong everyso often, he panicks starts goin on bout not bein good enough …",ham,0
Hi mate its RV did u hav a nice hol just a message 3 say hello coz havent sent u 1 in ages started driving so stay off roads!RVx,ham,0
Thts wat Wright Brother did to fly..,ham,0
"I'm nt goin, got somethin on, unless they meetin 4 dinner lor... Haha, i wonder who will go tis time...",ham,0
"Dear Voucher Holder, To claim this weeks offer, at you PC please go to http://www.e-tlp.co.uk/reward. Ts&Cs apply.",spam,1
Send this to ur friends and receive something about ur voice..... How is my speaking expression? 1.childish 2.naughty 3.Sentiment 4.rowdy 5.ful of attitude 6.romantic 7.shy 8.Attractive 9.funny  &lt;#&gt; .irritating  &lt;#&gt; .lovable. reply me..,ham,0
Congratulations ur awarded 500 of CD vouchers or 125gift guaranteed & Free entry 2 100 wkly draw txt MUSIC to 87066 TnCs www.Ldew.com1win150ppmx3age16,spam,1
Near kalainar tv office.thenampet,ham,0
"Er yeah, i will b there at 15:26, sorry! Just tell me which pub/cafe to sit in and come wen u can",ham,0
Hmm thinking lor...,ham,0
Yes i thought so. Thanks.,ham,0
K actually can you guys meet me at the sunoco on howard? It should be right on the way,ham,0
I not busy juz dun wan 2 go so early.. Hee.. ,ham,0
Ur cash-balance is currently 500 pounds - to maximize ur cash-in now send GO to 86688 only 150p/meg. CC: 08718720201 HG/Suite342/2lands Row/W1j6HL,spam,1
"Bears Pic Nick, and Tom, Pete and ... Dick. In fact, all types try gay chat with photo upload call 08718730666 (10p/min). 2 stop texts call 08712460324",spam,1
Filthy stories and GIRLS waiting for your,spam,1
"I‘ve got some salt, you can rub it in my open wounds if you like!",ham,0
Desires- u going to doctor 4 liver. And get a bit stylish. Get ur hair managed. Thats it.,ham,0
"G says you never answer your texts, confirm/deny",ham,0
I wud never mind if u dont miss me or if u dont need me.. But u wil really hurt me wen u need me &amp; u dont tell me......... Take care:-),ham,0
Yup i'm still having coffee wif my frens... My fren drove she'll give me a lift...,ham,0
URGENT! This is the 2nd attempt to contact U!U have WON £1000CALL 09071512432 b4 300603t&csBCM4235WC1N3XX.callcost150ppmmobilesvary. max£7. 50,spam,1
The beauty of life is in next second.. which hides thousands of secrets. I wish every second will be wonderful in ur life...!! gud n8,ham,0
Ok lor then we go tog lor...,ham,0
"Although i told u dat i'm into baig face watches now but i really like e watch u gave cos it's fr u. Thanx 4 everything dat u've done today, i'm touched...",ham,0
"Ya they are well and fine., BBD(pooja) full pimples..even she become quite black..and ur rite here its too cold, wearing sweatter..",ham,0
Hello! How r u? Im bored. Inever thought id get bored with the tv but I am. Tell me something exciting has happened there? Anything! =/,ham,0
Dude just saw a parked car with its sunroof popped up. Sux,ham,0
"Keep ur problems in ur heart, b'coz nobody will fight for u. Only u &amp; u have to fight for ur self &amp; win the battle. -VIVEKANAND- G 9t.. SD..
ham	Yeah, give me a call if you've got a minute
ham	HI BABE UAWAKE?FEELLIKW SHIT.JUSTFOUND OUT VIA ALETTER THATMUM GOTMARRIED 4thNOV.BEHIND OURBACKS  FUCKINNICE!SELFISH,DEVIOUSBITCH.ANYWAY,IL CALL U""",ham,0
Lol ok your forgiven :),ham,0
WINNER!! As a valued network customer you have been selected to receivea £900 prize reward! To claim call 09061701461. Claim code KL341. Valid 12 hours only.,spam,1
I dont. Can you send it to me. Plus how's mode.,ham,0
"Yo, call me when you get the chance, a friend of mine wanted me to ask you about a big order",ham,0
What i told before i tell. Stupid hear after i wont tell anything to you. You dad called to my brother and spoken. Not with me.,ham,0
"Hey doc pls I want to get nice t shirt for my hubby nice fiting ones my budget is  &lt;#&gt; k help pls I will load d card abi hw,keep me posted luv. 2 mj",ham,0
I have 2 docs appointments next week.:/ I'm tired of them shoving stuff up me. Ugh why couldn't I have had a normal body?,ham,0
"Well done, blimey, exercise, yeah, i kinda remember wot that is, hmm. ",ham,0
twenty past five he said will this train have been to durham already or not coz i am in a reserved seat,ham,0
I'm at bruce &amp; fowler now but I'm in my mom's car so I can't park (long story),ham,0
"tddnewsletter@emc1.co.uk (More games from TheDailyDraw) Dear Helen, Dozens of Free Games - with great prizesWith..",spam,1
"I av a new number,  . Wil u only use this one,ta.",ham,0
Then u going ikea str aft dat?,ham,0
I'm not sure if its still available though,ham,0
U should make a fb list,ham,0
"I wasn't well babe, i have swollen glands at my throat ... What did you end up doing ?",ham,0
"Yeah I am, so I'll leave maybe 7ish?",ham,0
"HOT LIVE FANTASIES call now 08707509020 Just 20p per min NTT Ltd, PO Box 1327 Croydon CR9 5WB 0870..k",spam,1
Mystery solved! Just opened my email and he's sent me another batch! Isn't he a sweetie,ham,0
Please don't text me anymore. I have nothing else to say.,ham,0
"Wen ur lovable bcums angry wid u, dnt take it seriously.. Coz being angry is d most childish n true way of showing deep affection, care n luv!.. kettoda manda... Have nice day da.",ham,0
U buy newspapers already?,ham,0
Can not use foreign stamps in this country. Good lecture .,ham,0
I'll text now! All creepy like so he won't think that we forgot,ham,0
"Nah man, my car is meant to be crammed full of people",ham,0
"Its good, we'll find a way",ham,0
Oic... I saw him too but i tot he din c me... I found a group liao...,ham,0
"Please protect yourself from e-threats. SIB never asks for sensitive information like Passwords,ATM/SMS PIN thru email. Never share your password with anybody.",ham,0
Somebody should go to andros and steal ice,ham,0
But i'm surprised she still can guess right lor...,ham,0
I dont thnk its a wrong calling between us,ham,0
Well obviously not because all the people in my cool college life went home ;_;,ham,0
C movie is juz last minute decision mah. Juz watch 2 lar but i tot ü not interested.,ham,0
He also knows about lunch menu only da. . I know,ham,0
Gudnite....tc...practice going on,ham,0
Hey pple...$700 or $900 for 5 nights...Excellent location wif breakfast hamper!!!,ham,0
Y lei?,ham,0
I did. One slice and one breadstick. Lol,ham,0
"As usual..iam fine, happy &amp; doing well..:)",ham,0
Can a not?,ham,0
"Hey babe! I saw you came online for a second and then you disappeared, what happened ?",ham,0
dating:i have had two of these. Only started after i sent a text to talk sport radio last week. Any connection do you think or coincidence?,spam,1
Is there any movie theatre i can go to and watch unlimited movies and just pay once?,ham,0
You are a winner U have been specially selected 2 receive £1000 or a 4* holiday (flights inc) speak to a live operator 2 claim 0871277810910p/min (18+) ,spam,1
URGENT! Your Mobile number has been awarded a <UKP>2000 prize GUARANTEED. Call 09061790125 from landline. Claim 3030. Valid 12hrs only 150ppm,spam,1
May b approve panalam...but it should have more posts..,ham,0
If you are not coughing then its nothing,ham,0
Yes:)from last week itself i'm taking live call.,ham,0
Havent shopping now lor i juz arrive only,ham,0
"Nowadays people are notixiquating the laxinorficated opportunity for bambling of entropication.... Have you ever oblisingately opted ur books for the masteriastering amplikater of fidalfication? It is very champlaxigating, i think it is atrocious.. Wotz Ur Opinion???? Junna",ham,0
"Hey babe, my friend had to cancel, still up for a visit ?",ham,0
E admin building there? I might b slightly earlier... I'll call u when i'm reaching...,ham,0
Oops sorry. Just to check that you don't mind picking me up tomo at half eight from station. Would that be ok?,ham,0
Just do what ever is easier for you,ham,0
A £400 XMAS REWARD IS WAITING FOR YOU! Our computer has randomly picked you from our loyal mobile customers to receive a £400 reward. Just call 09066380611,spam,1
Am i that much bad to avoid like this?,ham,0
Ok lor. I ned 2 go toa payoh 4 a while 2 return smth u wan 2 send me there or wat?,ham,0
Monthly password for wap. mobsi.com is 391784. Use your wap phone not PC.,spam,1
"Sorry, it's a lot of friend-of-a-friend stuff, I'm just now about to talk to the actual guy who wants to buy",ham,0
"Pity, * was in mood for that. So...any other suggestions?",ham,0
Where are you ? What do you do ? How can you stand to be away from me ? Doesn't your heart ache without me ? Don't you wonder of me ? Don't you crave me ?,ham,0
Today am going to college so am not able to atten the class.,ham,0
I've reached home n i bathe liao... U can call me now...,ham,0
Actually i'm waiting for 2 weeks when they start putting ad.,ham,0
I don't know u and u don't know me. Send CHAT to 86688 now and let's find each other! Only 150p/Msg rcvd. HG/Suite342/2Lands/Row/W1J6HL LDN. 18 years or over.,spam,1
Going for dinner.msg you after.,ham,0
No..but heard abt tat..,ham,0
Got it..mail panren paru..,ham,0
Y she dun believe leh? I tot i told her it's true already. I thk she muz c us tog then she believe.,ham,0
Mmmm.... I cant wait to lick it!,ham,0
"I just got home babe, are you still awake ?",ham,0
I wish that I was with you. Holding you tightly. Making you see how important you are. How much you mean to me ... How much I need you ... In my life ...,ham,0
That depends. How would you like to be treated? :),ham,0
"Xmas & New Years Eve tickets are now on sale from the club, during the day from 10am till 8pm, and on Thurs, Fri & Sat night this week. They're selling fast!",spam,1
Yup i'm free...,ham,0
"Ok, be careful ! Don't text and drive !",ham,0
All day working day:)except saturday and sunday..,ham,0
Correct. So how was work today,ham,0
"SMS. ac Blind Date 4U!: Rodds1 is 21/m from Aberdeen, United Kingdom. Check Him out http://img. sms. ac/W/icmb3cktz8r7!-4 no Blind Dates send HIDE",spam,1
URGENT This is our 2nd attempt to contact U. Your £900 prize from YESTERDAY is still awaiting collection. To claim CALL NOW 09061702893,spam,1
S...i will take mokka players only:),ham,0
I had askd u a question some hours before. Its answer,ham,0
I remain unconvinced that this isn't an elaborate test of my willpower,ham,0
"In The Simpsons Movie released in July 2007 name the band that died at the start of the film? A-Green Day, B-Blue Day, C-Red Day. (Send A, B or C)",spam,1
His frens go then he in lor. Not alone wif my mum n sis lor.,ham,0
lyricalladie(21/F) is inviting you to be her friend. Reply YES-910 or NO-910. See her: www.SMS.ac/u/hmmross STOP? Send STOP FRND to 62468,spam,1
Y dun cut too short leh. U dun like ah? She failed. She's quite sad.,ham,0
"The house is on the water with a dock, a boat rolled up with a newscaster who dabbles in jazz flute behind the wheel",ham,0
Have you bookedthe hut? And also your time off? How are you by the way?,ham,0
"I'm in solihull, | do you want anything?",ham,0
U 447801259231 have a secret admirer who is looking 2 make contact with U-find out who they R*reveal who thinks UR so special-call on 09058094597,spam,1
Sorry dude. Dont know how i forgot. Even after Dan reminded me. Sorry. Hope you guys had fun.,ham,0
Or just do that 6times,ham,0
I asked you to call him now ok,ham,0
Did u got that persons story,ham,0
"Cool, I'll text you when I'm on the way",ham,0
Hey you around? I've got enough for a half + the ten I owe you,ham,0
I will spoil you in bed as well :),ham,0
Kothi print out marandratha.,ham,0
"Goal! Arsenal 4 (Henry, 7 v Liverpool 2 Henry scores with a simple shot from 6 yards from a pass by Bergkamp to give Arsenal a 2 goal margin after 78 mins.",spam,1
Oh :-)only 4 outside players allowed to play know,ham,0
Yo dude guess who just got arrested the other day,ham,0
Its a big difference.  &lt;#&gt;  versus  &lt;#&gt;  every  &lt;#&gt; hrs,ham,0
Nothing spl..wat abt u and whr ru?,ham,0
Yeah no probs - last night is obviously catching up with you... Speak soon ,ham,0
I'm still looking for a car to buy. And have not gone 4the driving test yet.,ham,0
I hate when she does this. She turns what should be a fun shopping trip into an annoying day of how everything would look in her house.,ham,0
"SMS. ac JSco: Energy is high, but u may not know where 2channel it. 2day ur leadership skills r strong. Psychic? Reply ANS w/question. End? Reply END JSCO",spam,1
Well. Im computerless. Time to make some oreo truffles,ham,0
"We spend our days waiting for the ideal path to appear in front of us.. But what we forget is.. ""paths are made by walking.. not by waiting.."" Goodnight!",ham,0
Anything lor. Juz both of us lor.,ham,0
These won't do. Have to move on to morphine,ham,0
"Just wondering, the others just took off",ham,0
Sorry to be a pain. Is it ok if we meet another night? I spent late afternoon in casualty and that means i haven't done any of y stuff42moro and that includes all my time sheets and that. Sorry. ,ham,0
Hi..i got the money da:),ham,0
Lol yes. Our friendship is hanging on a thread cause u won't buy stuff.,ham,0
"Orange brings you ringtones from all time Chart Heroes, with a free hit each week! Go to Ringtones & Pics on wap. To stop receiving these tips reply STOP.",spam,1
Went to ganesh dress shop,ham,0
", im .. On the snowboarding trip. I was wondering if your planning to get everyone together befor we go..a meet and greet kind of affair? Cheers, ",ham,0
"Some friends want me to drive em someplace, probably take a while",ham,0
Ok i thk i got it. Then u wan me 2 come now or wat?,ham,0
URGENT! Your Mobile number has been awarded with a £2000 prize GUARANTEED. Call 09061790121 from land line. Claim 3030. Valid 12hrs only 150ppm,spam,1
Stupid.its not possible,ham,0
Will do. Was exhausted on train this morning. Too much wine and pie. You sleep well too,ham,0
That's my honeymoon outfit. :),ham,0
Can i meet ü at 5.. As 4 where depends on where ü wan 2 in lor..,ham,0
"Yeah go on then, bored and depressed sittin waitin for phone to ring... Hope the wind drops though, scary",ham,0
U WILL SWITCH YOUR FONE ON DAMMIT!!,ham,0
What happened in interview?,ham,0
FreeMsg Hi baby wow just got a new cam moby. Wanna C a hot pic? or Fancy a chat?Im w8in 4uTxt / rply CHAT to 82242 Hlp 08712317606 Msg150p 2rcv,spam,1
They r giving a second chance to rahul dengra.,ham,0
Text her. If she doesnt reply let me know so i can have her log in,ham,0
"complimentary 4 STAR Ibiza Holiday or £10,000 cash needs your URGENT collection. 09066364349 NOW from Landline not to lose out! Box434SK38WP150PPM18+",spam,1
I am hot n horny and willing I live local to you - text a reply to hear strt back from me 150p per msg Netcollex LtdHelpDesk: 02085076972 reply Stop to end,spam,1
Can you do a mag meeting this avo at some point?,ham,0
You need to get up. Now.,ham,0
Sorry for the delay. Yes masters,ham,0
Ok lor...,ham,0
I don't want you to leave. But i'm barely doing what i can to stay sane. fighting with you constantly isn't helping.,ham,0
ME 2 BABE I FEEL THE SAME LETS JUST 4GET ABOUT IT+BOTH TRY +CHEER UP+NOT FIT SOO MUCHXXLOVE U LOCAXX,ham,0
Finally the match heading towards draw as your prediction.,ham,0
At WHAT TIME should i come tomorrow,ham,0
"Hiya, probably coming home * weekend after next",ham,0
Yeah confirmed for you staying at  that weekend,ham,0
Dare i ask... Any luck with sorting out the car?,ham,0
"Could you not read me, my Love ? I answered you",ham,0
"Cool, I'll text you in a few",ham,0
Ü predict wat time ü'll finish buying?,ham,0
Sday only joined.so training we started today:),ham,0
Sexy Singles are waiting for you! Text your AGE followed by your GENDER as wither M or F E.G.23F. For gay men text your AGE followed by a G. e.g.23G.,spam,1
I miss you so much I'm so desparate I have recorded the message you left for me the other day and listen to it just to hear the sound of your voice. I love you,ham,0
Hey are you angry with me. Reply me dr.,ham,0
What's a feathery bowa? Is that something guys have that I don't know about?,ham,0
What makes you most happy?,ham,0
IMPORTANT INFORMATION 4 ORANGE USER 0796XXXXXX. TODAY IS UR LUCKY DAY!2 FIND OUT WHY LOG ONTO http://www.urawinner.com THERE'S A FANTASTIC PRIZEAWAITING YOU!,spam,1
Sac needs to carry on:),ham,0
"I can't keep going through this. It was never my intention to run you out, but if you choose to do that rather than keep the room clean so *I* don't have to say no to visitors, then maybe that's the best choice. Yes, I wanted you to be embarassed, so maybe you'd feel for once how I feel when i have a friend who wants to drop buy and i have to say no, as happened this morning. I've tried everything. I don't know what else to do.",ham,0
You unbelievable faglord,ham,0
Do ü all wan 2 meet up n combine all the parts? How's da rest of da project going?,ham,0
I'm putting it on now. It should be ready for  &lt;TIME&gt; ,ham,0
K..k:)how much does it cost?,ham,0
Aiyo please ü got time meh.,ham,0
"What i mean was i left too early to check, cos i'm working a 9-6.",ham,0
Eh ur laptop got no stock lei... He say mon muz come again to take a look c got a not...,ham,0
Going to take your babe out ?,ham,0
But my family not responding for anything. Now am in room not went to home for diwali but no one called me and why not coming. It makes me feel like died.,ham,0
I wanted to wish you a Happy New Year and I wanted to talk to you about some legal advice to do with when Gary and I split but in person. I'll make a trip to Ptbo for that. I hope everything is good with you babe and I love ya :),ham,0
"Come to me right now, Ahmad",ham,0
CALL 09090900040 & LISTEN TO EXTREME DIRTY LIVE CHAT GOING ON IN THE OFFICE RIGHT NOW TOTAL PRIVACY NO ONE KNOWS YOUR [sic] LISTENING 60P MIN 24/7MP 0870753331018+,spam,1
"FreeMsg Why haven't you replied to my text? I'm Randy, sexy, female and live local. Luv to hear from u. Netcollex Ltd 08700621170150p per msg reply Stop to end",spam,1
"My Parents, My Kidz, My Friends n My Colleagues. All screaming.. SURPRISE !! and I was waiting on the sofa.. ... ..... ' NAKED...!",ham,0
The basket's gettin full so I might be by tonight,ham,0
Sitting ard nothing to do lor. U leh busy w work?,ham,0
"I dont knw pa, i just drink milk..",ham,0
"U can WIN £100 of Music Gift Vouchers every week starting NOW Txt the word DRAW to 87066 TsCs www.Idew.com SkillGame, 1Winaweek, age16. 150ppermessSubscription",spam,1
"Actually fuck that, just do whatever, do find an excuse to be in tampa at some point before january though",ham,0
India have to take lead:),ham,0
You have WON a guaranteed £1000 cash or a £2000 prize. To claim yr prize call our customer service representative on 08714712394 between 10am-7pm,spam,1
"Damn, poor zac doesn't stand a chance",ham,0
tap & spile at seven. * Is that pub on gas st off broad st by canal. Ok?,ham,0
"Storming msg: Wen u lift d phne, u say ""HELLO"" Do u knw wt is d real meaning of HELLO?? . . . It's d name of a girl..! . . . Yes.. And u knw who is dat girl?? ""Margaret Hello"" She is d girlfrnd f Grahmbell who invnted telphone... . . . . Moral:One can 4get d name of a person, bt not his girlfrnd... G o o d n i g h t . . .@",ham,0
"Sorry, I'll call later",ham,0
I like to talk pa but am not able to. I dont know y.,ham,0
Ok. Not sure what time tho as not sure if can get to library before class. Will try. See you at some point! Have good eve.,ham,0
I am late. I will be there at,ham,0
Do you want a new Video phone? 600 anytime any network mins 400 Inclusive Video calls AND downloads 5 per week Free delTOMORROW call 08002888812 or reply NOW,spam,1
Lol I was gonna last month. I cashed some in but I left &lt;#&gt; just in case. I was collecting more during the week cause they announced it on the blog.,ham,0
"Urgent! Please call 0906346330. Your ABTA complimentary 4* Spanish Holiday or £10,000 cash await collection SAE T&Cs BOX 47 PO19 2EZ 150ppm 18+",spam,1
Easy ah?sen got selected means its good..,ham,0
Just chill for another 6hrs. If you could sleep the pain is not a surgical emergency so see how it unfolds. Okay,ham,0
NONE!NOWHERE IKNO DOESDISCOUNT!SHITINNIT,ham,0
And now electricity just went out fml.,ham,0
OH FUCK. JUSWOKE UP IN A BED ON A BOATIN THE DOCKS. SLEPT WID 25 YEAR OLD. SPINOUT! GIV U DA GOSSIP L8R. XXX,ham,0
Call FREEPHONE 0800 542 0578 now!,spam,1
I didn't get the second half of that message,ham,0
"Thank you so much. When we skyped wit kz and sura, we didnt get the pleasure of your company. Hope you are good. We've given you ultimatum oh! We are countin down to aburo. Enjoy!",ham,0
"Hey there! Glad u r better now. I hear u treated urself to a digi cam, is it good? We r off at 9pm. Have a fab new year, c u in coupla wks!",ham,0
Aah! A cuddle would be lush! I'd need lots of tea and soup before any kind of fumbling!,ham,0
"Not for possession, especially not first offense",ham,0
We have to pick rayan macleran there.,ham,0
RECPT 1/3. You have ordered a Ringtone. Your order is being processed...,spam,1
"Customer place, i wil cal u sir.",ham,0
I am getting threats from your sales executive Shifad as i raised complaint against him. Its an official message.,ham,0
You are awarded a SiPix Digital Camera! call 09061221061 from landline. Delivery within 28days. T Cs Box177. M221BP. 2yr warranty. 150ppm. 16 . p p£3.99,spam,1
"Chinatown got porridge, claypot rice, yam cake, fishhead beehoon... Either we eat cheap den go cafe n tok or go nydc or somethin...",ham,0
Happy new year. Hope you are having a good semester,ham,0
Love you aathi..love u lot..,ham,0
"Hack Chat. Get backdoor entry into 121 chat rooms at a fraction of the cost. Reply NEO69 or call 09050280520, to subscribe 25p pm. DPS, Bcm box 8027 Ldn, wc1n3xx",spam,1
PLEASSSSSSSEEEEEE TEL ME V AVENT DONE SPORTSx,ham,0
Ok lar i double check wif da hair dresser already he said wun cut v short. He said will cut until i look nice.,ham,0
"Double mins and txts 4 6months FREE Bluetooth on Orange. Available on Sony, Nokia Motorola phones. Call MobileUpd8 on 08000839402 or call2optout/N9DX",spam,1
Haven't heard anything and he's not answering my texts so I'm guessing he flaked. That said the jb is fantastic,ham,0
"Sorry, went to bed early, nightnight",ham,0
I will come to ur home now,ham,0
Networking technical support associate.,ham,0
Wif my family booking tour package.,ham,0
"Plz note: if anyone calling from a mobile Co. &amp; asks u to type # &lt;#&gt;  or # &lt;#&gt; . Do not do so. Disconnect the call,coz it iz an attempt of 'terrorist' to make use of the sim card no. Itz confirmd by nokia n motorola n has been verified by CNN IBN.",ham,0
I'm really sorry i won't b able 2 do this friday.hope u can find an alternative.hope yr term's going ok:-),ham,0
Tone Club: Your subs has now expired 2 re-sub reply MONOC 4 monos or POLYC 4 polys 1 weekly @ 150p per week Txt STOP 2 stop This msg free Stream 0871212025016,spam,1
We tried to contact you re your reply to our offer of a Video Handset? 750 anytime networks mins? UNLIMITED TEXT? Camcorder? Reply or call 08000930705 NOW,spam,1
Show ur colours! Euro 2004 2-4-1 Offer! Get an England Flag & 3Lions tone on ur phone! Click on the following service message for info!,spam,1
This is the 2nd time we have tried to contact u. U have won the £1450 prize to claim just call 09053750005 b4 310303. T&Cs/stop SMS 08718725756. 140ppm,spam,1
Ü only send me the contents page...,ham,0
Bored housewives! Chat n date now! 0871750.77.11! BT-national rate 10p/min only from landlines!,spam,1
Heart is empty without love.. Mind is empty without wisdom.. Eyes r empty without dreams &amp; Life is empty without frnds.. So Alwys Be In Touch. Good night &amp; sweet dreams,ham,0
"I can't, I don't have her number!",ham,0
Can... I'm free...,ham,0
My sister going to earn more than me da.,ham,0
Lol no. I just need to cash in my nitros. Hurry come on before I crash out!,ham,0
Gudnite....tc...practice going on,ham,0
So i could kiss and feel you next to me...,ham,0
I doubt you could handle 5 times per night in any case...,ham,0
At home watching tv lor.,ham,0
I‘ll have a look at the frying pan in case it‘s cheap or a book perhaps. No that‘s silly a frying pan isn‘t likely to be a book,ham,0
Cancel cheyyamo?and get some money back?,ham,0
Hello. They are going to the village pub at 8 so either come here or there accordingly. Ok?,ham,0
K.:)do it at evening da:)urgent:),ham,0
That's necessarily respectful,ham,0
"Thanks da thangam, i feel very very happy dear. I also miss you da.",ham,0
Super msg da:)nalla timing.,ham,0
Yeah do! Don‘t stand to close tho- you‘ll catch something!,ham,0
"LookAtMe!: Thanks for your purchase of a video clip from LookAtMe!, you've been charged 35p. Think you can do better? Why not send a video in a MMSto 32323.",spam,1
Sorry. || mail? || ,ham,0
U have a secret admirer who is looking 2 make contact with U-find out who they R*reveal who thinks UR so special-call on 09058094594,spam,1
"Do 1 thing! Change that sentence into: ""Because i want 2 concentrate in my educational career im leaving here..""",ham,0
"Come round, it's . ",ham,0
"Wn u r hurt by d prsn who s close 2 u, do fight wit dem. Coz somtimes dis fight saves a relation bt being quiet leaves nothin in a relation.. Gud eveB-)",ham,0
She.s good. She was wondering if you wont say hi but she.s smiling now. So how are you coping with the long distance,ham,0
Its a valentine game. . . Send dis msg to all ur friends. .. If 5 answers r d same then someone really loves u. Ques- which colour suits me the best?rply me,ham,0
Are you planning to come chennai?,ham,0
Your board is working fine. The issue of overheating is also reslove. But still software inst is pending. I will come around 8'o clock.,ham,0
U are subscribed to the best Mobile Content Service in the UK for £3 per 10 days until you send STOP to 82324. Helpline 08706091795,spam,1
Total video converter free download type this in google search:),ham,0
Surly ill give it to you:-) while coming to review.,ham,0
"Text me when you get off, don't call, my phones having problems",ham,0
I am waiting for your call sir.,ham,0
This is wishing you a great day. Moji told me about your offer and as always i was speechless. You offer so easily to go to great lengths on my behalf and its stunning. My exam is next friday. After that i will keep in touch more. Sorry.,ham,0
I wish! I don't think its gonna snow that much. But it will be more than those flurries we usually get that melt before they hit the ground. Eek! We haven't had snow since &lt;#&gt; before I was even born!,ham,0
<Forwarded from 21870000>Hi - this is your Mailbox Messaging SMS alert. You have 40 matches. Please call back on 09056242159 to retrieve your messages and matches cc100p/min,spam,1
"I'm an actor. When i work, i work in the evening and sleep late. Since i'm unemployed at the moment, i ALWAYS sleep late. When you're unemployed, every day is saturday.",ham,0
Oh all have to come ah?,ham,0
Early bird! Any purchases yet?,ham,0
I'm reaching home in 5 min.,ham,0
Oh ok i didnt know what you meant. Yep i am baby jontin,ham,0
"Thursday night? Yeah, sure thing, we'll work it out then",ham,0
"Give her something to drink, if she takes it and doesn't vomit then you her temp might drop. If she unmits however let me know.",ham,0
Ya srsly better than yi tho,ham,0
Dnt worry...use ice pieces in a cloth pack.also take 2 tablets.,ham,0
"Aight, see you in a bit",ham,0
"He has lots of used ones babe, but the model doesn't help. Youi have to bring it over and he'll match it up",ham,0
I'm very happy for you babe ! Woo hoo party on dude!,ham,0
"I wonder if your phone battery went dead ? I had to tell you, I love you babe",ham,0
Appt is at &lt;TIME&gt; am. Not my fault u don't listen. I told u twice,ham,0
Saw Guys and Dolls last night with Patrick Swayze it was great,ham,0
"Yep, the great loxahatchee xmas tree burning of  &lt;#&gt;  starts in an hour",ham,0
Did u fix the teeth?if not do it asap.ok take care.,ham,0
"Sorry, I'll call later",ham,0
say thanks2. ,ham,0
I wnt to buy a BMW car urgently..its vry urgent.but hv a shortage of  &lt;#&gt; Lacs.there is no source to arng dis amt. &lt;#&gt; lacs..thats my prob,ham,0
Nationwide auto centre (or something like that) on Newport road. I liked them there,ham,0
"That's fine, I'll bitch at you about it later then",ham,0
X2  &lt;#&gt; . Are you going to get that,ham,0
I'm in class. Will holla later,ham,0
"MOON has come to color your dreams, STARS to make them musical and my SMS to give you warm and Peaceful Sleep. Good Night",ham,0
"How is my boy? No sweet words left for me this morning ... *sighs* ... How goes you day, my love ? Did you start your studying?",ham,0
Yup,ham,0
Wat makes some people dearer is not just de happiness dat u feel when u meet them but de pain u feel when u miss dem!!!,ham,0
"Good afternoon, my boytoy ... How are you feeling today ? Better I hope? Are you being my good boy? Are you my obedient, slave? Do you please your Queen?",ham,0
Ok c ü then.,ham,0
A lot of this sickness thing going round. Take it easy. Hope u feel better soon. Lol,ham,0
UR GOING 2 BAHAMAS! CallFREEFONE 08081560665 and speak to a live operator to claim either Bahamas cruise of£2000 CASH 18+only. To opt out txt X to 07786200117,spam,1
Not to worry. I'm sure you'll get it.,ham,0
Hey sathya till now we dint meet not even a single time then how can i saw the situation sathya.,ham,0
"44 7732584351, Do you want a New Nokia 3510i colour phone DeliveredTomorrow? With 300 free minutes to any mobile + 100 free texts + Free Camcorder reply or call 08000930705.",spam,1
"Jus chillaxin, what up",ham,0
Is that seriously how you spell his name?,ham,0
Got meh... When?,ham,0
"There're some people by mu, I'm at the table by lambda",ham,0
HMV BONUS SPECIAL 500 pounds of genuine HMV vouchers to be won. Just answer 4 easy questions. Play Now! Send HMV to 86688 More info:www.100percent-real.com,spam,1
"Yes, i'm small kid.. And boost is the secret of my energy..",ham,0
"Al he does is moan at me if n e thin goes wrong its my fault&al de arguments r my fault&fed up of him of himso y bother? Hav 2go, thanx.xx",ham,0
Yup he msg me: is tat yijue? Then i tot it's my group mate cos we meeting today mah... I'm askin if ü leaving earlier or wat mah cos mayb ü haf to walk v far...,ham,0
R ü comin back for dinner?,ham,0
will you like to be spoiled? :),ham,0
"Aight no rush, I'll ask jay",ham,0
"Can meh? Thgt some will clash... Really ah, i dun mind... I dun seen to have lost any weight... Gee...",ham,0
Hey i booked the kb on sat already... what other lessons are we going for ah? Keep your sat night free we need to meet and confirm our lodging ,ham,0
"Sure thing big man. i have hockey elections at 6, shouldn‘t go on longer than an hour though",ham,0
K..k:)where are you?how did you performed?,ham,0
"What do you do, my dog ? Must I always wait till the end of your day to have word from you ? Did you run out of time on your cell already?",ham,0
"My painful personal thought- ""I always try to keep everybody happy all the time. But nobody recognises me when i am alone""",ham,0
I am literally in bed and have been up for like  &lt;#&gt;  hours,ham,0
Had your mobile 11 months or more? U R entitled to Update to the latest colour mobiles with camera for Free! Call The Mobile Update Co FREE on 08002986030,spam,1
"House-Maid is the murderer, coz the man was murdered on  &lt;#&gt; th January.. As public holiday all govt.instituitions are closed,including post office..understand?",ham,0
Hmmm...k...but i want to change the field quickly da:-)i wanna get system administrator or network administrator..,ham,0
Ahhh. Work. I vaguely remember that! What does it feel like? Lol,ham,0
Did you get any gift? This year i didnt get anything. So bad,ham,0
I'll reach in ard 20 mins ok...,ham,0
"Got hella gas money, want to go on a grand nature adventure with galileo in a little bit?",ham,0
Okie ü wan meet at bishan? Cos me at bishan now. I'm not driving today.,ham,0
Did u turn on the heater? The heater was on and set to &lt;#&gt; degrees.,ham,0
Webpage s not available!,ham,0
I'm sorry. I've joined the league of people that dont keep in touch. You mean a great deal to me. You have been a friend at all times even at great personal cost. Do have a great week.|,ham,0
"WIN: We have a winner! Mr. T. Foley won an iPod! More exciting prizes soon, so keep an eye on ur mobile or visit www.win-82050.co.uk",spam,1
FREE for 1st week! No1 Nokia tone 4 ur mob every week just txt NOKIA to 87077 Get txting and tell ur mates. zed POBox 36504 W45WQ norm150p/tone 16+,spam,1
Lol I would but my mom would have a fit and tell the whole family how crazy and terrible I am,ham,0
Jesus armand really is trying to tell everybody he can find,ham,0
Thnx dude. u guys out 2nite?,ham,0
Still chance there. If you search hard you will get it..let have a try :),ham,0
Miss call miss call khelate kintu opponenter miss call dhorte lage. Thats d rule. One with great phone receiving quality wins.,ham,0
I'm reading the text i just sent you. Its meant to be a joke. So read it in that light,ham,0
Aww you must be nearly dead!Well Jez isComing over toDo some workAnd that whillTake forever!,ham,0
Whatsup there. Dont u want to sleep,ham,0
S:-)kallis wont play in first two odi:-),ham,0
I like to think there's always the possibility of being in a pub later.,ham,0
Ugh its been a long day. I'm exhausted. Just want to cuddle up and take a nap,ham,0
"Bored of speed dating? Try SPEEDCHAT, txt SPEEDCHAT to 80155, if you don't like em txt SWAP and get a new chatter! Chat80155 POBox36504W45WQ 150p/msg rcd 16",spam,1
SplashMobile: Choose from 1000s of gr8 tones each wk! This is a subscrition service with weekly tones costing 300p. U have one credit - kick back and ENJOY,spam,1
U really pig leh sleep so much. My dad wake me up at 10 smth 2 eat lunch today.,ham,0
If you were/are free i can give. Otherwise nalla adi entey nattil kittum,ham,0
Oh yeah clearly it's my fault,ham,0
"Fuuuuck I need to stop sleepin, sup",ham,0
Thanks  and ! Or bomb and date as my phone wanted to say! ,ham,0
Let me know when you've got the money so carlos can make the call,ham,0
Yup i thk so until e shop closes lor.,ham,0
Sorry i missed your call. Can you please call back.,ham,0
"Mmmmmm ... I love you,so much, Ahmad ... I can't wait for this year to begin as every second takes me closer to being at your side. Happy New Year, my love!!",ham,0
"Aiyo... U always c our ex one... I dunno abt mei, she haven reply... First time u reply so fast... Y so lucky not workin huh, got bao by ur sugardad ah...gee.. ",ham,0
Y bishan lei... I tot ü say lavender? ,ham,0
Nope wif my sis lor... Aft bathing my dog then i can bathe... Looks like it's going 2 rain soon.,ham,0
Teach me apps da. When you come to college.,ham,0
Are you wet right now?,ham,0
You available now? I'm like right around hillsborough &amp;  &lt;#&gt; th,ham,0
Dear got train and seat mine lower seat,ham,0
Maybe?! Say hi to  and find out if  got his card. Great escape or wetherspoons? ,ham,0
If I get there before you after your ten billion calls and texts so help me god,ham,0
Also track down any lighters you can find,ham,0
"This is the 2nd time we have tried 2 contact u. U have won the 750 Pound prize. 2 claim is easy, call 08718726970 NOW! Only 10p per min. BT-national-rate ",spam,1
"Ur balance is now £600. Next question: Complete the landmark, Big, A. Bob, B. Barry or C. Ben ?. Text A, B or C to 83738. Good luck!",spam,1
"Yep, by the pretty sculpture",ham,0
Congratulations ore mo owo re wa. Enjoy it and i wish you many happy moments to and fro wherever you go,ham,0
Hey check it da. I have listed da.,ham,0
Host-based IDPS for linux systems.,ham,0
Its going good...no problem..but still need little experience to understand american customer voice...,ham,0
So the sun is anti sleep medicine.,ham,0
Ok...,ham,0
"She was supposed to be but couldn't make it, she's still in town though",ham,0
Then ü ask dad to pick ü up lar... Ü wan 2 stay until 6 meh...,ham,0
2p per min to call Germany 08448350055 from your BT line. Just 2p per min. Check PlanetTalkInstant.com for info & T's & C's. Text stop to opt out,spam,1
Mm not entirely sure i understood that text but hey. Ho. Which weekend?,ham,0
Kind of. Took it to garage. Centre part of exhaust needs replacing. Part ordered n taking it to be fixed tomo morning.,ham,0
How come it takes so little time for a child who is afraid of the dark to become a teenager who wants to stay out all night?,spam,1
"Each Moment in a day,has its own value-Morning brings hope,afternoon brings faith,Evening brings luv,Night brings rest,Wish u find them all today.Good Morning",ham,0
Do you know what Mallika Sherawat did yesterday? Find out now @  &lt;URL&gt;,ham,0
Sunshine Quiz Wkly Q! Win a top Sony DVD player if u know which country the Algarve is in? Txt ansr to 82277. £1.50 SP:Tyrone,spam,1
Cps is causing the outages to conserve energy.,ham,0
Ok,ham,0
Yes we were outside for like 2 hours. And I called my whole family to wake them up cause it started at 1 am,ham,0
You can donate £2.50 to UNICEF's Asian Tsunami disaster support fund by texting DONATE to 864233. £2.50 will be added to your next bill,spam,1
NOT ENUFCREDEIT TOCALL.SHALL ILEAVE UNI AT 6 +GET A BUS TO YOR HOUSE?,ham,0
Went fast asleep dear.take care.,ham,0
:-( sad puppy noise,ham,0
Lmao you know me so well...,ham,0
"A boy was late 2 home. His father: ""POWER OF FRNDSHIP""",ham,0
Ard 6 like dat lor.,ham,0
I donno if they are scorable,ham,0
Freemsg: 1-month unlimited free calls! Activate SmartCall Txt: CALL to No: 68866. Subscriptn3gbp/wk unlimited calls Help: 08448714184 Stop?txt stop landlineonly,spam,1
Wat time ü finish?,ham,0
"Oops, I'll let you know when my roommate's done",ham,0
"Hmmm.. Thk sure got time to hop ard... Ya, can go 4 free abt... Muz call u to discuss liao... ",ham,0
Audrie lousy autocorrect,ham,0
K k :-):-) then watch some films.,ham,0
I don't know but I'm raping dudes at poker,ham,0
Pls come quick cant bare this.,ham,0
"No, I was trying it all weekend ;V",ham,0
u r a winner U ave been specially selected 2 receive £1000 cash or a 4* holiday (flights inc) speak to a live operator 2 claim 0871277810710p/min (18 ),spam,1
Misplaced your number and was sending texts to your old number. Wondering why i've not heard from you this year. All the best in your mcat. Got this number from my atlanta friends,ham,0
Want to send me a virtual hug?... I need one,ham,0
Get a brand new mobile phone by being an agent of The Mob! Plus loads more goodies! For more info just text MAT to 87021.,spam,1
How much she payed. Suganya.,ham,0
How's it going? Got any exciting karaoke type activities planned? I'm debating whether to play football this eve. Feeling lazy though.,ham,0
When i have stuff to sell i.ll tell you,ham,0
I jus reached home. I go bathe first. But my sis using net tell u when she finishes k...,ham,0
Go chase after her and run her over while she's crossing the street,ham,0
"Just sent you an email – to an address with incomm in it, is that right?",ham,0
No pic. Please re-send.,ham,0
Ok,ham,0
Whats the staff name who is taking class for us?,ham,0
Not planned yet :)going to join company on jan 5 only.don know what will happen after that.,ham,0
"I'm a guy, browsin is compulsory",ham,0
FreeMsg: Hey - I'm Buffy. 25 and love to satisfy men. Home alone feeling randy. Reply 2 C my PIX! QlynnBV Help08700621170150p a msg Send stop to stop txts,spam,1
That's y u haf 2 keep me busy...,ham,0
Just sleeping..and surfing,ham,0
Oh ho. Is this the first time u use these type of words,ham,0
"* Was really good to see you the other day dudette, been missing you!",ham,0
I am on the way to tirupur.,ham,0
"Dear,shall mail tonite.busy in the street,shall update you tonite.things are looking ok.varunnathu edukkukayee raksha ollu.but a good one in real sense.",ham,0
I am going to sleep. I am tired of travel.,ham,0
Why do you ask princess?,ham,0
HMV BONUS SPECIAL 500 pounds of genuine HMV vouchers to be won. Just answer 4 easy questions. Play Now! Send HMV to 86688 More info:www.100percent-real.com,spam,1
thesmszone.com lets you send free anonymous and masked messages..im sending this message from there..do you see the potential for abuse???,spam,1
PRIVATE! Your 2003 Account Statement for shows 800 un-redeemed S. I. M. points. Call 08715203652 Identifier Code: 42810 Expires 29/10/0,spam,1
"Final Chance! Claim ur £150 worth of discount vouchers today! Text YES to 85023 now! SavaMob, member offers mobile! T Cs SavaMob POBOX84, M263UZ. £3.00 Subs 16",spam,1
Nvm take ur time.,ham,0
I don't think he has spatula hands!,ham,0
He also knows about lunch menu only da. . I know,ham,0
"K give me a sec, breaking a  &lt;#&gt;  at cstore",ham,0
Love it! The girls at the office may wonder why you are smiling but sore...,ham,0
Not getting anywhere with this damn job hunting over here!,ham,0
"Hey babe, how's it going ? Did you ever figure out where your going for New Years ?",ham,0
"Good afternoon, my love. How goes your day ? What are you up to ? I woke early and am online waiting for you ... Hmmm ... Italian boy is online I see . *grins*",ham,0
"FREE MESSAGE Activate your 500 FREE Text Messages by replying to this message with the word FREE For terms & conditions, visit www.07781482378.com",spam,1
Hey mr whats the name of that bill brison book the one about language and words ,ham,0
Pls help me tell sura that i'm expecting a battery from hont. And that if should pls send me a message about how to download movies. Thanks,ham,0
Give one miss from that number please,ham,0
Yup,ham,0
money!!! you r a lucky winner ! 2 claim your prize text money 2 88600 over £1million to give away ! ppt150x3+normal text rate box403 w1t1jy,spam,1
Haha okay... Today weekend leh... ,ham,0
"They can try! They can get lost, in fact. Tee hee",ham,0
"HOT LIVE FANTASIES call now 08707509020 Just 20p per min NTT Ltd, PO Box 1327 Croydon CR9 5WB 0870 is a national rate call",spam,1
Lul im gettin some juicy gossip at the hospital. Two nurses are talking about how fat they are gettin. And one thinks shes obese. Oyea.,ham,0
Am only searching for good dual sim mobile pa.,ham,0
Congratulations ur awarded either £500 of CD gift vouchers & Free entry 2 our £100 weekly draw txt MUSIC to 87066 TnCs www.Ldew.com1win150ppmx3age16,spam,1
Ya even those cookies have jelly on them,ham,0
Wife.how she knew the time of murder exactly,ham,0
"500 New Mobiles from 2004, MUST GO! Txt: NOKIA to No: 89545 & collect yours today!From ONLY £1 www.4-tc.biz 2optout 087187262701.50gbp/mtmsg18 TXTAUCTION",spam,1
Thats cool. Where should i cum? On you or in you? :),ham,0
What time should I tell my friend to be around?,ham,0
I cant pick the phone right now. Pls send a message,ham,0
Boy; I love u Grl: Hogolo Boy: gold chain kodstini Grl: Agalla Boy: necklace madstini Grl: agalla Boy: Hogli 1 mutai eerulli kodthini! Grl: I love U kano;-),ham,0
Can you just come in for a sec? There's somebody here I want you to see,ham,0
HOW ARE U? I HAVE MISSED U! I HAVENT BEEN UP 2 MUCH A BIT BORED WITH THE HOLIDAY WANT 2 GO BAK 2 COLLEGE! SAD ISNT IT?xx,ham,0
"Urgent! call 09066350750 from your landline. Your complimentary 4* Ibiza Holiday or 10,000 cash await collection SAE T&Cs PO BOX 434 SK3 8WP 150 ppm 18+",spam,1
Thinking of u ;) x,ham,0
About  &lt;#&gt; bucks. The banks fees are fixed. Better to call the bank and find out.,ham,0
"Send ur birthdate with month and year, I will tel u ur LIFE PARTNER'S name. and the method of calculation. Reply must.",ham,0
"Good morning, my Love ... I go to sleep now and wish you a great day full of feeling better and opportunity ... You are my last thought babe, I LOVE YOU *kiss*",ham,0
Natalja (25/F) is inviting you to be her friend. Reply YES-440 or NO-440 See her: www.SMS.ac/u/nat27081980 STOP? Send STOP FRND to 62468,spam,1
I am late. I will be there at,ham,0
i want to grasp your pretty booty :),ham,0
"SMS SERVICES. for your inclusive text credits, pls goto www.comuk.net login= 3qxj9 unsubscribe with STOP, no extra charge. help 08702840625.COMUK. 220-CM2 9AE",spam,1
Am i that much dirty fellow?,ham,0
Okay lor... Will they still let us go a not ah? Coz they will not know until later. We drop our cards into the box right?,ham,0
"I need an 8th but I'm off campus atm, could I pick up in an hour or two?",ham,0
"Under the sea, there lays a rock. In the rock, there is an envelope. In the envelope, there is a paper. On the paper, there are 3 words... '",ham,0
Miserable. They don't tell u that the side effects of birth control are massive gut wrenching cramps for the first 2 months. I didn't sleep at all last night.,ham,0
7 at esplanade.. Do ü mind giving me a lift cos i got no car today..,ham,0
"Every King Was Once A Crying Baby And Every Great Building Was Once A Map.. Not Imprtant Where U r TODAY, BUT Where U Wil Reach TOMORW. Gud ni8",ham,0
"New Tones This week include: 1)McFly-All Ab.., 2) Sara Jorge-Shock.. 3) Will Smith-Switch.. To order follow instructions on next message",spam,1
Not heard from U4 a while. Call 4 rude chat private line 01223585334 to cum. Wan 2C pics of me gettin shagged then text PIX to 8552. 2End send STOP 8552 SAM xxx,spam,1
How are you doing? Hope you've settled in for the new school year. Just wishin you a gr8 day,ham,0
Will be out of class in a few hours. Sorry,ham,0
But you dint in touch with me.,ham,0
So your telling me I coulda been your real Valentine and I wasn't? U never pick me for NOTHING!!,ham,0
FreeMsg:Feelin kinda lnly hope u like 2 keep me company! Jst got a cam moby wanna c my pic?Txt or reply DATE to 82242 Msg150p 2rcv Hlp 08712317606 stop to 82242,spam,1
"449050000301 You have won a £2,000 price! To claim, call 09050000301.",spam,1
"If you don't, your prize will go to another customer. T&C at www.t-c.biz 18+ 150p/min Polo Ltd Suite 373 London W1J 6HL Please call back if busy ",spam,1
Oooh bed ridden ey? What are YOU thinking of?,ham,0
Carlos is taking his sweet time as usual so let me know when you and patty are done/want to smoke and I'll tell him to haul ass,ham,0
Bognor it is! Should be splendid at this time of year.,ham,0
"HEY KATE, HOPE UR OK... WILL GIVE U A BUZ WEDLUNCH. GO OUTSOMEWHERE 4 ADRINK IN TOWN..CUD GO 2WATERSHD 4 A BIT? PPL FROMWRK WILL BTHERE. LOVE PETEXXX.",ham,0
Thanks honey but still haven't heard anything I will leave it a bit longer so not 2 crowd him and will try later - great advice thanks hope cardiff is still there!,ham,0
Are you ok. What happen to behave like this,ham,0
If you don't respond imma assume you're still asleep and imma start calling n shit,ham,0
Why i come in between you people,ham,0
PRIVATE! Your 2004 Account Statement for 07742676969 shows 786 unredeemed Bonus Points. To claim call 08719180248 Identifier Code: 45239 Expires,spam,1
Ü come lt 25 n pass to me lar,ham,0
Great comedy..cant stop laughing da:),ham,0
Was the actual exam harder than NBME,ham,0
It is only yesterday true true.,ham,0
You have an important customer service announcement from PREMIER. Call FREEPHONE 0800 542 0578 now!,spam,1
Ding me on ya break fassyole! Blacko from londn,ham,0
Sitting in mu waiting for everyone to get out of my suite so I can take a shower,ham,0
Oh... Okie lor...We go on sat... ,ham,0
This is all just creepy and crazy to me.,ham,0
Where r e meeting tmr?,ham,0
"Hello darling how are you today? I would love to have a chat, why dont you tell me what you look like and what you are in to sexy?",spam,1
U should have made an appointment,ham,0
Back 2 work 2morro half term over! Can U C me 2nite 4 some sexy passion B4 I have 2 go back? Chat NOW 09099726481 Luv DENA Calls £1/minMobsmoreLKPOBOX177HP51FL,spam,1
"Yeah that's what I thought, lemme know if anything's goin on later",ham,0
It's ok lar. U sleep early too... Nite...,ham,0
I am waiting machan. Call me once you free.,ham,0
I pocked you up there before,ham,0
"Nimbomsons. Yep phone knows that one. Obviously, cos thats a real word",ham,0
Omg if its not one thing its another. My cat has worms :/ when does this bad day end?,ham,0
Ok i found dis pierre cardin one which looks normal costs 20 its on sale.,ham,0
I got your back! Do you have any dislikes in bed?,ham,0
"K, I'll work something out",ham,0
So what did the bank say about the money?,ham,0
Don't b floppy... b snappy & happy! Only gay chat service with photo upload call 08718730666 (10p/min). 2 stop our texts call 08712460324,spam,1
"That way transport is less problematic than on sat night. By the way, if u want to ask  n  to join my bday, feel free. But need to know definite nos as booking on fri. ",ham,0
"Nice. Wait...should you be texting right now? I'm not gonna pay your ticket, ya know!",ham,0
Its a part of checking IQ,ham,0
Hurry home u big butt. Hang up on your last caller if u have to. Food is done and I'm starving. Don't ask what I cooked.,ham,0
Please CALL 08712402972 immediately as there is an urgent message waiting for you,spam,1
I'm watching lotr w my sis dis aft. So u wan 2 meet me 4 dinner at nite a not?,ham,0
"Hi, wlcome back, did wonder if you got eaten by a lion or something, nothing much",ham,0
So no messages. Had food?,ham,0
For the most sparkling shopping breaks from 45 per person; call 0121 2025050 or visit www.shortbreaks.org.uk,spam,1
"January Male Sale! Hot Gay chat now cheaper, call 08709222922. National rate from 1.5p/min cheap to 7.8p/min peak! To stop texts call 08712460324 (10p/min)",spam,1
K...k...yesterday i was in cbe .,ham,0
Ok no prob...,ham,0
His bday real is in april .,ham,0
Same. Wana plan a trip sometme then,ham,0
Babe !!!! I LOVE YOU !!!! *covers your face in kisses*,ham,0
Tomorrow i am not going to theatre. . . So i can come wherever u call me. . . Tell me where and when to come tomorrow,ham,0
* Will be september by then!,ham,0
http//tms. widelive.com/index. wml?id=820554ad0a1705572711&first=true¡C C Ringtone¡,spam,1
THIS IS A LONG FUCKIN SHOWR,ham,0
CHEERS LOU! YEAH WAS A GOODNITE SHAME U NEVA CAME! C YA GAILxx,ham,0
That seems unnecessarily affectionate,ham,0
"Today's Offer! Claim ur £150 worth of discount vouchers! Text YES to 85023 now! SavaMob, member offers mobile! T Cs 08717898035. £3.00 Sub. 16 . Unsub reply X",spam,1
"Sorry, I'll call later",ham,0
Money i have won wining number 946 wot do i do next,spam,1
Its  &lt;#&gt; k here oh. Should i send home for sale.,ham,0
Pls go there today  &lt;#&gt; . I dont want any excuses,ham,0
Yup n her fren lor. I'm meeting my fren at 730.,ham,0
Need a coffee run tomo?Can't believe it's that time of week already,ham,0
I'm stuck in da middle of da row on da right hand side of da lt... ,ham,0
EASTENDERS TV Quiz. What FLOWER does DOT compare herself to? D= VIOLET E= TULIP F= LILY txt D E or F to 84025 NOW 4 chance 2 WIN £100 Cash WKENT/150P16+,spam,1
Thats cool. i liked your photos. You are very sexy!,ham,0
Thank u!,ham,0
"Haha awesome, I might need to take you up on that, what you doin tonight?",ham,0
No i am not having not any movies in my laptop,ham,0
Well I'm going to be an aunty!,ham,0
Yo we are watching a movie on netflix,ham,0
"Hello lover! How goes that new job? Are you there now? Are you happy? Do you think of me? I wake, my slave and send you a teasing kiss from across the sea",ham,0
;-) ok. I feel like john lennon.,ham,0
Me fine..absolutly fine,ham,0
IM GONNA MISS U SO MUCH,ham,0
Now thats going to ruin your thesis!,ham,0
No da..today also i forgot..,ham,0
Loans for any purpose even if you have Bad Credit! Tenants Welcome. Call NoWorriesLoans.com on 08717111821,spam,1
Mm i am on the way to railway,ham,0
"No we put party 7 days a week and study lightly, I think we need to draw in some custom checkboxes so they know we're hardcore",ham,0
Fwiw the reason I'm only around when it's time to smoke is that because of gas I can only afford to be around when someone tells me to be and that apparently only happens when somebody wants to light up,ham,0
Its a valentine game. . . send dis msg to all ur friends. . If 5 answers r d same then someone really loves u. . Ques- which colour suits me the best?,ham,0
"Auction round 4. The highest bid is now £54. Next maximum bid is £71. To bid, send BIDS e. g. 10 (to bid £10) to 83383. Good luck.",spam,1
"K, fyi I'm back in my parents' place in south tampa so I might need to do the deal somewhere else",ham,0
I've not sent it. He can send me.,ham,0
What you doing?how are you?,ham,0
Waiting 4 my tv show 2 start lor... U leh still busy doing ur report?,ham,0
He is world famamus....,ham,0
So how many days since then?,ham,0
"Hello, hello, hi lou sorry it took so long 2 reply- I left mobile at friends in Lancaster, just got it bak Neway im sorry I couldnt make ur bday 2 hun!",ham,0
WOT U WANNA DO THEN MISSY?,ham,0
I will come tomorrow di,ham,0
Dorothy@kiefer.com (Bank of Granite issues Strong-Buy) EXPLOSIVE PICK FOR OUR MEMBERS *****UP OVER 300% *********** Nasdaq Symbol CDGT That is a $5.00 per..,spam,1
I have a rather prominent bite mark on my right cheek,ham,0
Dont think you need yellow card for uk travel. Ask someone that has gone before. If you do its just  &lt;#&gt; bucks,ham,0
Then wat r u doing now? Busy wif work?,ham,0
Its ok my arm is feeling weak cuz i got a shot so we can go another time,ham,0
Uhhhhrmm isnt having tb test bad when youre sick,ham,0
U dun say so early hor... U c already then say...,ham,0
"Wan2 win a Meet+Greet with Westlife 4 U or a m8? They are currently on what tour? 1)Unbreakable, 2)Untamed, 3)Unkempt. Text 1,2 or 3 to 83049. Cost 50p +std text",spam,1
"Beautiful Truth against Gravity.. Read carefully: ""Our heart feels light when someone is in it.. But it feels very heavy when someone leaves it.."" GOOD NIGHT",ham,0
And smile for me right now as you go and the world will wonder what you are smiling about and think your crazy and keep away from you ... *grins*,ham,0
That's cause your old. I live to be high.,ham,0
"Had your mobile 10 mths? Update to the latest Camera/Video phones for FREE. KEEP UR SAME NUMBER, Get extra free mins/texts. Text YES for a call",spam,1
"Plz note: if anyone calling from a mobile Co. &amp; asks u to type # &lt;#&gt;  or # &lt;#&gt; . Do not do so. Disconnect the call,coz it iz an attempt of 'terrorist' to make use of the sim card no. Itz confirmd by nokia n motorola n has been verified by CNN IBN.",ham,0
Nope... Think i will go for it on monday... Sorry i replied so late,ham,0
OK i'm waliking ard now... Do u wan me 2 buy anything go ur house?,ham,0
Goodo! Yes we must speak friday - egg-potato ratio for tortilla needed! ,ham,0
Huh y lei...,ham,0
EY! CALM DOWNON THEACUSATIONS.. ITXT U COS IWANA KNOW WOTU R DOIN AT THEW/END... HAVENTCN U IN AGES..RING ME IF UR UP4 NETHING SAT.LOVE J XXX.,ham,0
I'm at work. Please call,ham,0
Oh for fuck's sake she's in like tallahassee,ham,0
How are you. Its been ages. How's abj,ham,0
Lemme know when you're here,ham,0
Change windows logoff sound..,ham,0
That's y i said it's bad dat all e gals know u... Wat u doing now?,ham,0
"To review and KEEP the fantastic Nokia N-Gage game deck with Club Nokia, go 2 www.cnupdates.com/newsletter. unsubscribe from alerts reply with the word OUT",spam,1
"Thanx 4 the time weve spent 2geva, its bin mint! Ur my Baby and all I want is u!xxxx",ham,0
SORRY IM STIL FUCKED AFTER LAST NITE WENT TOBED AT 430 GOT UP 4 WORK AT 630,ham,0
Please CALL 08712402578 immediately as there is an urgent message waiting for you,spam,1
Sorry completely forgot * will pop em round this week if your still here?,ham,0
Message Important information for O2 user. Today is your lucky day! 2 find out why log onto http://www.urawinner.com there is a fantastic surprise awaiting you,spam,1
"Hi hope u get this txt~journey hasnt been gd,now about 50 mins late I think.",ham,0
"I call you later, don't have network. If urgnt, sms me.",ham,0
Hope you enjoyed your new content. text stop to 61610 to unsubscribe. help:08712400602450p Provided by tones2you.co.uk,spam,1
No got new job at bar in airport on satsgettin 4.47per hour but means no lie in! keep in touch,ham,0
Great. Never been better. Each day gives even more reasons to thank God,ham,0
"Sorry man, my stash ran dry last night and I can't pick up more until sunday",ham,0
Raji..pls do me a favour. Pls convey my Birthday wishes to Nimya. Pls. Today is her birthday.,ham,0
Oh k.k..where did you take test?,ham,0
Dear Voucher holder Have your next meal on us. Use the following link on your pc 2 enjoy a 2 4 1 dining experiencehttp://www.vouch4me.com/etlp/dining.asp,spam,1
Yeah jay's sort of a fucking retard,ham,0
What i mean is do they come chase you out when its over or is it stated you can watch as many movies as you want.,ham,0
So gd got free ice cream... I oso wan...,ham,0
I'm at work. Please call,ham,0
Update your face book status frequently :),ham,0
K I'll take care of it,ham,0
"Aight, I'll ask a few of my roommates",ham,0
I.ll hand her my phone to chat wit u,ham,0
My phone,ham,0
Yup it's at paragon... I havent decided whether 2 cut yet... Hee...,ham,0
Sounds great! Im going to sleep now. Have a good night!,ham,0
I keep ten rs in my shelf:) buy two egg.,ham,0
"Fuck babe ... I miss you already, you know ? Can't you let me send you some money towards your net ? I need you ... I want you ... I crave you ...",ham,0
K da:)how many page you want?,ham,0
We tried to contact you re your reply to our offer of 750 mins 150 textand a new video phone call 08002988890 now or reply for free delivery tomorrow,spam,1
We have pizza if u want,ham,0
"Beautiful tomorrow never comes.. When it comes, it's already TODAY.. In the hunt of beautiful tomorrow don't waste your wonderful TODAY.. GOODMORNING:)",ham,0
R we still meeting 4 dinner tonight?,ham,0
"New Theory: Argument wins d SITUATION, but loses the PERSON. So dont argue with ur friends just.. . . . kick them &amp; say, I'm always correct.!",ham,0
Where in abj are you serving. Are you staying with dad or alone.,ham,0
No..few hours before.went to hair cut .,ham,0
:) ,ham,0
Ok u can take me shopping when u get paid =D,ham,0
5p 4 alfie Moon's Children in need song on ur mob. Tell ur m8s. Txt Tone charity to 8007 for Nokias or Poly charity for polys: zed 08701417012 profit 2 charity.,spam,1
Roger that. We‘re probably going to rem in about 20,ham,0
Dude im no longer a pisces. Im an aquarius now.,ham,0
"That's good, because I need drugs",ham,0
K I'll be sure to get up before noon and see what's what,ham,0
Eh u send wrongly lar...,ham,0
Thanx 4 e brownie it's v nice...,ham,0
Hi darlin did youPhone me? Im atHome if youwanna chat.,ham,0
Hahaha..use your brain dear,ham,0
Lol for real. She told my dad I have cancer,ham,0
"Garbage bags, eggs, jam, bread, hannaford wheat chex",ham,0
Well I might not come then...,ham,0
:-) yeah! Lol. Luckily i didn't have a starring role like you!,ham,0
There generally isn't one. It's an uncountable noun - u in the dictionary. pieces of research?,ham,0
"That's cool he'll be here all night, lemme know when you're around",ham,0
He like not v shock leh. Cos telling shuhui is like telling leona also. Like dat almost all know liao. He got ask me abt ur reaction lor.,ham,0
"Last Chance! Claim ur £150 worth of discount vouchers today! Text SHOP to 85023 now! SavaMob, offers mobile! T Cs SavaMob POBOX84, M263UZ. £3.00 Sub. 16",spam,1
Come to mahal bus stop.. &lt;DECIMAL&gt;,ham,0
So dont use hook up any how,ham,0
The greatest test of courage on earth is to bear defeat without losing heart....gn tc,ham,0
Someone has contacted our dating service and entered your phone because they fancy you! To find out who it is call from a landline 09111032124 . PoBox12n146tf150p,spam,1
"Yeah, probably here for a while",ham,0
"That means you got an A in epi, she.s fine. She.s here now.",ham,0
i thought we were doing a king of the hill thing there.,ham,0
Ok no prob. Take ur time.,ham,0
Pls confirm the time to collect the cheque.,ham,0
"Dont worry, 1 day very big lambu ji vl come..til then enjoy batchlor party:-)",ham,0
God's love has no limit. God's grace has no measure. God's power has no boundaries. May u have God's endless blessings always in ur life...!! Gud ni8,ham,0
Now press conference da:),ham,0
Thank you. I like you as well...,ham,0
FREE>Ringtone! Reply REAL or POLY eg REAL1 1. PushButton 2. DontCha 3. BabyGoodbye 4. GoldDigger 5. WeBeBurnin 1st tone FREE and 6 more when u join for £3/wk,spam,1
So wats ur opinion abt him and how abt is character?,ham,0
"I'm back &amp; we're packing the car now, I'll let you know if there's room",ham,0
"I want to show you the world, princess :) how about europe?",ham,0
For real when u getting on yo? I only need 2 more tickets and one more jacket and I'm done. I already used all my multis.,ham,0
"Trust me. Even if isn't there, its there.",ham,0
Nope i'm not drivin... I neva develop da photos lei...,ham,0
Can ü all decide faster cos my sis going home liao..,ham,0
Rightio. 11.48 it is then. Well arent we all up bright and early this morning.,ham,0
Shall i come to get pickle,ham,0
Or u ask they all if next sat can a not. If all of them can make it then i'm ok lor.,ham,0
"Good afternoon, my love. It was good to see your words on YM and get your tm. Very smart move, my slave ... *smiles* ... I drink my coffee and await you.",ham,0
Yay! You better not have told that to 5 other girls either.,ham,0
For fear of fainting with the of all that housework you just did? Quick have a cuppa,ham,0
S da..al r above  &lt;#&gt;,ham,0
Awww dat is sweet! We can think of something to do he he! Have a nice time tonight ill probably txt u later cos im lonely :( xxx.,ham,0
What was she looking for?,ham,0
Send me the new number,ham,0
"Watching cartoon, listening music &amp; at eve had to go temple &amp; church.. What about u?",ham,0
"TheMob> Check out our newest selection of content, Games, Tones, Gossip, babes and sport, Keep your mobile fit and funky text WAP to 82468",spam,1
MAKE SURE ALEX KNOWS HIS BIRTHDAY IS OVER IN FIFTEEN MINUTES AS FAR AS YOU'RE CONCERNED,ham,0
HI DARLIN I HOPE YOU HAD A NICE NIGHT I WISH I HAD COME CANT WAIT TO SEE YOU LOVE FRAN PS I WANT DIRTY ANAL SEX AND I WANT A 10 MAN GANG BANG,ham,0
Are you happy baby ? Are you alright ? Did you take that job ? I hope your fine. I send you a kiss to make you smile from across the sea ... *kiss* *kiss*,ham,0
You have 1 new voicemail. Please call 08719181503,spam,1
Super da:)good replacement for murali,ham,0
You're right I have now that I think about it,ham,0
"I think I‘m waiting for the same bus! Inform me when you get there, if you ever get there.",ham,0
SO IS TH GOWER MATE WHICH IS WHERE I AM!?! HOW R U MAN? ALL IS GOOD IN WALES ILL B BACK MORROW. C U THIS WK? WHO WAS THE MSG 4?  RANDOM!,ham,0
"Sorry, I'll call later in meeting",ham,0
"K so am I, how much for an 8th? Fifty?",ham,0
Mom wants to know where you at,ham,0
Tell where you reached,ham,0
K. I will sent it again,ham,0
"Camera quite good, 10.1mega pixels, 3optical and 5digital dooms. Have a lovely holiday, be safe and i hope you hav a good journey! Happy new year to you both! See you in a couple of weeks! ",ham,0
Okie,ham,0
Actually i deleted my old website..now i m blogging at magicalsongs.blogspot.com,ham,0
Hmm ill have to think about it... ok you're forgiven! =D,ham,0
"Your free ringtone is waiting to be collected. Simply text the password ""MIX"" to 85069 to verify. Get Usher and Britney. FML, PO Box 5249, MK17 92H. 450Ppw 16",spam,1
Yar lor wait 4 my mum 2 finish sch then have lunch lor... I whole morning stay at home clean my room now my room quite clean... Hee...,ham,0
"YEH I AM DEF UP4 SOMETHING SAT,JUST GOT PAYED2DAY & I HAVBEEN GIVEN A£50 PAY RISE 4MY WORK & HAVEBEEN MADE PRESCHOOLCO-ORDINATOR 2I AM FEELINGOOD LUV",ham,0
Don‘t give a flying monkeys wot they think and I certainly don‘t mind. Any friend of mine and all that!,ham,0
CERI U REBEL! SWEET DREAMZ ME LITTLE BUDDY!! C YA 2MORO! WHO NEEDS BLOKES,ham,0
Why tired what special there you had,ham,0
Still in customer place,ham,0
U GOIN OUT 2NITE?,ham,0
Ok... Then r we meeting later?,ham,0
Can ü send me a copy of da report?,ham,0
Have a nice day my dear.,ham,0
Yup next stop.,ham,0
Jus finish bathing...,ham,0
I'm gonna rip out my uterus.,ham,0
No my mum went 2 dentist.,ham,0
Dunno lei he neva say...,ham,0
How long does it take to get it.,ham,0
Text & meet someone sexy today. U can find a date or even flirt its up to U. Join 4 just 10p. REPLY with NAME & AGE eg Sam 25. 18 -msg recd@thirtyeight pence,spam,1
Don know. I did't msg him recently.,ham,0
No. I meant the calculation is the same. That  &lt;#&gt; units at  &lt;#&gt; . This school is really expensive. Have you started practicing your accent. Because its important. And have you decided if you are doing 4years of dental school or if you'll just do the nmde exam.,ham,0
WE REGRET TO INFORM U THAT THE NHS HAS MADE A MISTAKE.U WERE NEVER ACTUALLY BORN.PLEASE REPORT 2 YOR LOCAL HOSPITAL 2B TERMINATED.WE R SORRY 4 THE INCONVENIENCE,ham,0
Right it wasnt you who phoned it was someone with a number like yours!,ham,0
"Fantasy Football is back on your TV. Go to Sky Gamestar on Sky Active and play £250k Dream Team. Scoring starts on Saturday, so register now!SKY OPT OUT to 88088",spam,1
"Me also da, i feel yesterday night  wait til 2day night dear.",ham,0
Lol. Well quality aint bad at all so i aint complaining,ham,0
Fine. Do you remember me.,ham,0
Yes :)it completely in out of form:)clark also utter waste.,ham,0
K I'll be there before 4.,ham,0
Congratulations U can claim 2 VIP row A Tickets 2 C Blu in concert in November or Blu gift guaranteed Call 09061104276 to claim TS&Cs www.smsco.net cost£3.75max ,spam,1
Kallis wont bat in 2nd innings.,ham,0
How i noe... Did ü specify da domain as nusstu... Ü still in sch...,ham,0
Okie,ham,0
What u mean u almost done? Done wif sleeping? But i tot u going to take a nap.. Yup i send her liao so i'm picking her up at ard 4 smth lor..,ham,0
Goin to workout lor... Muz lose e fats... ,ham,0
Check mail.i have mailed varma and kept copy to you regarding membership.take care.insha allah.,ham,0
Ok... Let u noe when i leave my house.,ham,0
"Not yet chikku..k, then wat abt tht guy did he stopped irritating or msging to u..",ham,0
Goodmorning today i am late for  &lt;DECIMAL&gt; min.,ham,0
"Under the sea, there lays a rock. In the rock, there is an envelope. In the envelope, there is a paper. On the paper, there are 3 words... '",ham,0
Would me smoking you out help us work through this difficult time,ham,0
"Honeybee Said: *I'm d Sweetest in d World* God Laughed &amp; Said: *Wait,U Havnt Met d Person Reading This Msg* MORAL: Even GOD Can Crack Jokes! GM+GN+GE+GN:)",ham,0
No message..no responce..what happend?,ham,0
I WILL CAL YOU SIR. In meeting,ham,0
I uploaded mine to Facebook,ham,0
"Sounds good, keep me posted",ham,0
Oic... Then better quickly go bathe n settle down...,ham,0
"Aight will do, thanks again for comin out",ham,0
how are you? I miss you!,ham,0
Same to u...,ham,0
"I feel like a dick because I keep sleeping through your texts and facebook messages. Sup, you in town?",ham,0
I dun believe u. I thk u told him.,ham,0
So i'm doing a list of buyers.,ham,0
Okay but i thought you were the expert,ham,0
I'm ok. Will do my part tomorrow,ham,0
Check with nuerologist.,ham,0
"Sorry, I'll call later",ham,0
"My sister in law, hope you are having a great month. Just saying hey. Abiola",ham,0
Hey! Congrats 2u2. id luv 2 but ive had 2 go home!,ham,0
"K, jason says he's gonna be around so I'll be up there around  &lt;#&gt;",ham,0
How will I creep on you now? ;_;,ham,0
i felt so...not any conveying reason.. Ese he... What about me?,ham,0
Ok.ok ok..then..whats ur todays plan,ham,0
If you r @ home then come down within 5 min,ham,0
"K, want us to come by now?",ham,0
HI BABE U R MOST LIKELY TO BE IN BED BUT IM SO SORRY ABOUT TONIGHT! I REALLY WANNA SEE U TOMORROW SO CALL ME AT 9. LOVE ME XXX,ham,0
"So you think i should actually talk to him? Not call his boss in the morning? I went to this place last year and he told me where i could go and get my car fixed cheaper. He kept telling me today how much he hoped i would come back in, how he always regretted not getting my number, etc.",ham,0
"Awesome, plan to get here any time after like  &lt;#&gt; , I'll text you details in a wee bit",ham,0
Hey i will be late... i'm at amk. Need to drink tea or coffee,ham,0
I want to sent  &lt;#&gt; mesages today. Thats y. Sorry if i hurts,ham,0
I re-met alex nichols from middle school and it turns out he's dealing!,ham,0
"Greetings me, ! Consider yourself excused.",ham,0
Ok..,ham,0
"No, but you told me you were going, before you got drunk!",ham,0
Nope... C ü then...,ham,0
Ok then no need to tell me anything i am going to sleep good night,ham,0
S'fine. Anytime. All the best with it.,ham,0
Neva mind it's ok..,ham,0
Had your mobile 11mths ? Update for FREE to Oranges latest colour camera mobiles & unlimited weekend calls. Call Mobile Upd8 on freefone 08000839402 or 2StopTx,spam,1
Tell them the drug dealer's getting impatient,ham,0
I'm at work. Please call,ham,0
Lol now I'm after that hot air balloon!,ham,0
No current and food here. I am alone also,ham,0
No no. I will check all rooms befor activities,ham,0
"3 FREE TAROT TEXTS! Find out about your love life now! TRY 3 FOR FREE! Text CHANCE to 85555 16 only! After 3 Free, Msgs £1.50 each",spam,1
"For your chance to WIN a FREE Bluetooth Headset then simply reply back with ""ADP""",spam,1
Sounds like a plan! Cardiff is still here and still cold! I'm sitting on the radiator!,ham,0
Yup ok thanx...,ham,0
He's just gonna worry for nothing. And he won't give you money its no use.,ham,0
You will go to walmart. I.ll stay.,ham,0
"Daddy, shu shu is looking 4 u... U wan me 2 tell him u're not in singapore or wat?",ham,0
Thats cool. I want to please you...,ham,0
"Aight, let me know when you're gonna be around usf",ham,0
"Hi, can i please get a  &lt;#&gt;  dollar loan from you. I.ll pay you back by mid february. Pls.",ham,0
Havent mus ask if u can 1st wat. Of meet 4 lunch den u n him meet can already lor. Or u wan 2 go ask da ge 1st then confirm w me asap?,ham,0
"u r subscribed 2 TEXTCOMP 250 wkly comp. 1st wk?s free question follows, subsequent wks charged@150p/msg.2 unsubscribe txt STOP 2 84128,custcare 08712405020",spam,1
"The table's occupied, I'm waiting by the tree",ham,0
Tiwary to rcb.battle between bang and kochi.,ham,0
"Yeah, where's your class at?",ham,0
Haha i think i did too,ham,0
How are you holding up?,ham,0
"Sorry, I'll call later",ham,0
Today i'm not workin but not free oso... Gee... Thgt u workin at ur fren's shop ? ,ham,0
Prabha..i'm soryda..realy..frm heart i'm sory,ham,0
"Ups which is 3days also, and the shipping company that takes 2wks. The other way is usps which takes a week but when it gets to lag you may have to bribe nipost to get your stuff.",ham,0
Don no da:)whats you plan?,ham,0
Just come home. I don't want u to be miserable,ham,0
Camera - You are awarded a SiPix Digital Camera! call 09061221066 fromm landline. Delivery within 28 days.,spam,1
"Text82228>> Get more ringtones, logos and games from www.txt82228.com. Questions: info@txt82228.co.uk",spam,1
Wot u up 2? Thout u were gonna call me!! Txt bak luv K,ham,0
Collect your VALENTINE'S weekend to PARIS inc Flight & Hotel + £200 Prize guaranteed! Text: PARIS to No: 69101. www.rtf.sphosting.com,spam,1
Bloomberg -Message center +447797706009 Why wait? Apply for your future http://careers. bloomberg.com,spam,1
U gd lor go shopping i got stuff to do. U wan 2 watch infernal affairs a not? Come lar...,ham,0
"Good good, billy mates all gone. Just been jogging, again! Did enjoy concert?",ham,0
okmail: Dear Dave this is your final notice to collect your 4* Tenerife Holiday or #5000 CASH award! Call 09061743806 from landline. TCs SAE Box326 CW25WX 150ppm,spam,1
i dnt wnt to tlk wid u,ham,0
My computer just fried the only essential part we don't keep spares of because my fucking idiot roommates looovvve leaving the thing running on full  &lt;#&gt; /7,ham,0
Am going to take bath ill place the key in window:-),ham,0
"Sorry, I'll call later in meeting any thing related to trade please call Arul. &lt;#&gt; ",ham,0
"Faith makes things possible,Hope makes things work,Love makes things beautiful,May you have all three this Christmas!Merry Christmas!",ham,0
Dear Dave this is your final notice to collect your 4* Tenerife Holiday or #5000 CASH award! Call 09061743806 from landline. TCs SAE Box326 CW25WX 150ppm,spam,1
"Hi. Hope ur day * good! Back from walk, table booked for half eight. Let me know when ur coming over.",ham,0
Urgent! Please call 09061743811 from landline. Your ABTA complimentary 4* Tenerife Holiday or £5000 cash await collection SAE T&Cs Box 326 CW25WX 150ppm,spam,1
K. I will sent it again,ham,0
"HEY THERE BABE, HOW U DOIN? WOT U UP 2 2NITE LOVE ANNIE X.",ham,0
No it's waiting in e car dat's bored wat. Cos wait outside got nothing 2 do. At home can do my stuff or watch tv wat.,ham,0
Lol I would but despite these cramps I like being a girl.,ham,0
Fine if thats the way u feel. Thats the way its gota b,ham,0
Wot is u up 2 then bitch?,ham,0
Have you laid your airtel line to rest?,ham,0
"Thanks for your ringtone order, ref number K718. Your mobile will be charged £4.50. Should your tone not arrive please call customer services on 09065069120",spam,1
Call me when u finish then i come n pick u.,ham,0
Wa... U so efficient... Gee... Thanx...,ham,0
URGENT! We are trying to contact U. Todays draw shows that you have won a £2000 prize GUARANTEED. Call 09066358361 from land line. Claim Y87. Valid 12hrs only,spam,1
From 5 to 2 only my work timing.,ham,0
Beauty sleep can help ur pimples too.,ham,0
Yes ammae....life takes lot of turns you can only sit and try to hold the steering...,ham,0
"Well imma definitely need to restock before thanksgiving, I'll let you know when I'm out",ham,0
I went to project centre,ham,0
URGENT! We are trying to contact U. Todays draw shows that you have won a £800 prize GUARANTEED. Call 09050001808 from land line. Claim M95. Valid12hrs only,spam,1
I'm sick !! I'm needy !! I want you !! *pouts* *stomps feet* Where are you ?! *pouts* *stomps feet* I want my slave !! I want him now !!,ham,0
Txt: CALL to No: 86888 & claim your reward of 3 hours talk time to use from your phone now! Subscribe6GBP/mnth inc 3hrs 16 stop?txtStop www.gamb.tv,spam,1
Hey... are you going to quit soon? Xuhui and i working till end of the month ,ham,0
They will pick up and drop in car.so no problem..,ham,0
"Hi there, 2nights ur lucky night! Uve been invited 2 XCHAT, the Uks wildest chat! Txt CHAT to 86688 now! 150p/MsgrcvdHG/Suite342/2Lands/Row/W1J6HL LDN 18yrs",spam,1
Or i go home first lar ü wait 4 me lor.. I put down my stuff first..,ham,0
I not at home now lei...,ham,0
He remains a bro amongst bros,ham,0
Aww that's the first time u said u missed me without asking if I missed u first. You DO love me! :),ham,0
Great! So what attracts you to the brothas?,ham,0
"Urgent! call 09066612661 from landline. Your complementary 4* Tenerife Holiday or £10,000 cash await collection SAE T&Cs PO Box 3 WA14 2PX 150ppm 18+ Sender: Hol Offer",spam,1
Call to the number which is available in appointment. And ask to connect the call to waheed fathima.,ham,0
Do you want a new video handset? 750 anytime any network mins? Half Price Line Rental? Camcorder? Reply or call 08000930705 for delivery tomorrow,spam,1
My sis is catching e show in e afternoon so i'm not watching w her. So c u wan 2 watch today or tmr lor.,ham,0
I'm fine. Hope you are good. Do take care.,ham,0
"So many people seems to be special at first sight, But only very few will remain special to you till your last sight.. Maintain them till life ends.. Sh!jas",ham,0
7 lor... Change 2 suntec... Wat time u coming?,ham,0
FreeMsg: Txt: CALL to No: 86888 & claim your reward of 3 hours talk time to use from your phone now! Subscribe6GBP/mnth inc 3hrs 16 stop?txtStop,spam,1
"Good afternon, my love. How are today? I hope your good and maybe have some interviews. I wake and miss you babe. A passionate kiss from across the sea",ham,0
Yes:)here tv is always available in work place..,ham,0
"The  &lt;#&gt; g that i saw a few days ago, the guy wants sell wifi only for  &lt;#&gt;  and with 3g for  &lt;#&gt; . That's why i blanked him.",ham,0
I dont know exactly could you ask chechi.,ham,0
Check Out Choose Your Babe Videos @ sms.shsex.netUN fgkslpoPW fgkslpo,spam,1
Another month. I need chocolate weed and alcohol.,ham,0
"You have been selected to stay in 1 of 250 top British hotels - FOR NOTHING! Holiday Worth £350! To Claim, Call London 02072069400. Bx 526, SW73SS",spam,1
Eat jap done oso aft ur lect wat... Ü got lect at 12 rite... ,ham,0
December only! Had your mobile 11mths+? You are entitled to update to the latest colour camera mobile for Free! Call The Mobile Update VCo FREE on 08002986906 ,spam,1
Juz go google n search 4 qet...,ham,0
I know complain num only..bettr directly go to bsnl offc nd apply for it..,ham,0
"Open rebtel with firefox. When it loads just put plus sign in the user name place, and it will show you two numbers. The lower number is my number. Once you pick that number the pin will display okay!",ham,0
PRIVATE! Your 2003 Account Statement for shows 800 un-redeemed S. I. M. points. Call 08719899230 Identifier Code: 41685 Expires 07/11/04,spam,1
"Happy new year to u and ur family...may this new year bring happiness , stability and tranquility to ur vibrant colourful life:):)",ham,0
There bold 2  &lt;#&gt; . Is that yours,ham,0
Great. P diddy is my neighbor and comes for toothpaste every morning,ham,0
Please CALL 08712402779 immediately as there is an urgent message waiting for you,spam,1
Thanks for looking out for me. I really appreciate.,ham,0
"Yeah, that's fine! It's £6 to get in, is that ok? ",ham,0
How have your little darlings been so far this week? Need a coffee run tomo?Can't believe it's that time of week already …,ham,0
Here got ur favorite oyster... N got my favorite sashimi... Ok lar i dun say already... Wait ur stomach start rumbling...,ham,0
Yep then is fine 7.30 or 8.30 for ice age.,ham,0
Booked ticket for pongal?,ham,0
He remains a bro amongst bros,ham,0
I dont have any of your file in my bag..i was in work when you called me.i 'll tell you if i find anything in my room.,ham,0
U call me alter at 11 ok.,ham,0
"Turns out my friends are staying for the whole show and won't be back til ~ &lt;#&gt; , so feel free to go ahead and smoke that $ &lt;#&gt;  worth",ham,0
"My life Means a lot to me, Not because I love my life, But because I love the people in my life, The world calls them friends, I call them my World:-).. Ge:-)..",ham,0
Lovely smell on this bus and it ain't tobacco... ,ham,0
Speaking of does he have any cash yet?,ham,0
Okie.. Thanx..,ham,0
"Lemme know when I can swing by and pick up, I'm free basically any time after 1 all this semester",ham,0
"pdate_Now - Double mins and 1000 txts on Orange tariffs. Latest Motorola, SonyEricsson & Nokia & Bluetooth FREE! Call MobileUpd8 on 08000839402 or call2optout/!YHL",spam,1
She's fine. Good to hear from you. How are you my dear? Happy new year oh.,ham,0
"Single line with a big meaning::::: ""Miss anything 4 ur ""Best Life"" but, don't miss ur best life for anything... Gud nyt...",ham,0
I need you to be in my strong arms...,ham,0
Free Top ringtone -sub to weekly ringtone-get 1st week free-send SUBPOLY to 81618-?3 per week-stop sms-08718727870,spam,1
"Someone U know has asked our dating service 2 contact you! Cant Guess who? CALL 09058097189 NOW all will be revealed. POBox 6, LS15HB 150p ",spam,1
Doesn't g have class early tomorrow and thus shouldn't be trying to smoke at  &lt;#&gt;,ham,0
Then what about further plan?,ham,0
I attended but nothing is there.,ham,0
That day you asked about anand number. Why:-),ham,0
What pa tell me.. I went to bath:-),ham,0
Jus finish watching tv... U?,ham,0
Moby Pub Quiz.Win a £100 High Street prize if u know who the new Duchess of Cornwall will be? Txt her first name to 82277.unsub STOP £1.50 008704050406 SP Arrow,spam,1
Free entry in 2 a weekly comp for a chance to win an ipod. Txt POD to 80182 to get entry (std txt rate) T&C's apply 08452810073 for details 18+,spam,1
"We are at grandmas. Oh dear, u still ill? I felt Shit this morning but i think i am just hungover! Another night then. We leave on sat.",ham,0
